,time_usec,xacc,frequency,yacc,zacc,xgyro,ygyro,zgyro,temperature
0,27223652,2,0.0,54,-1007,0,1,0,4432
1,27423645,1,0.0,54,-1008,1,2,0,4480
2,27626531,1,0.0,54,-1008,0,1,0,4432
3,27823716,0,0.0,54,-1008,0,1,0,4480
4,28023668,1,0.0,53,-1008,0,1,0,4432
5,28223646,1,0.0,53,-1008,1,1,0,4480
6,28423660,2,0.0,54,-1008,1,0,0,4432
7,28628720,1,0.0,54,-1008,1,1,0,4432
8,28823671,2,0.0,54,-1007,1,0,0,4480
9,29023679,1,0.0,54,-1008,0,1,0,4480
10,29223644,1,0.0,54,-1008,0,1,0,4480
11,29423662,2,0.0,54,-1008,0,1,0,4480
12,29626537,2,0.0,54,-1007,1,1,0,4480
13,29823658,1,0.0,54,-1007,0,1,0,4432
14,30023679,1,0.0,54,-1007,0,0,0,4480
15,30223638,2,0.0,54,-1007,1,1,0,4432
16,30423713,1,0.0,53,-1007,1,0,0,4480
17,30626497,1,0.0,53,-1007,2,0,0,4432
18,30823640,1,0.0,54,-1006,1,1,0,4432
19,31023637,1,0.0,54,-1007,1,0,0,4480
20,31223638,1,0.0,54,-1006,0,1,0,4480
21,31423663,1,0.0,54,-1007,0,1,0,4432
22,31628626,1,0.0,54,-1008,1,1,0,4480
23,31823658,1,0.0,54,-1008,0,2,0,4432
24,32023685,1,0.0,54,-1007,1,1,0,4480
25,32223642,0,0.0,53,-1007,1,2,0,4480
26,32423660,1,0.0,54,-1008,1,0,0,4432
27,32626500,0,0.0,54,-1009,0,2,0,4480
28,32823707,0,0.0,53,-1011,1,0,0,4432
29,33023701,1,0.0,53,-1009,1,0,0,4480
30,33223718,1,0.0,54,-1008,1,0,0,4432
31,33423705,2,0.0,54,-1008,1,1,0,4480
32,33626558,2,0.0,54,-1008,1,1,0,4480
33,33823671,2,0.0,54,-1008,0,1,0,4432
34,34023824,2,0.0,53,-1007,0,0,1,4480
35,34223828,1,0.0,53,-1006,0,2,0,4432
36,34423797,0,0.0,54,-1007,1,0,0,4432
37,34626353,1,0.0,53,-1008,1,1,0,4432
38,34823805,1,0.0,53,-1008,1,0,0,4432
39,35023837,1,0.0,54,-1007,1,0,0,4432
40,35223828,1,0.0,54,-1007,1,1,0,4432
41,35423820,1,0.0,54,-1007,1,0,0,4480
42,35626410,2,0.0,54,-1006,1,0,0,4432
43,35823837,2,0.0,54,-1007,1,0,0,4480
44,36023839,1,0.0,54,-1007,0,0,0,4432
45,36223831,2,0.0,54,-1008,1,0,0,4432
46,36423824,1,0.0,54,-1008,1,0,0,4432
47,36626394,1,0.0,54,-1007,1,1,0,4480
48,36823835,1,0.0,54,-1007,0,1,0,4480
49,37023822,1,0.0,54,-1007,1,0,0,4480
50,37223832,1,0.0,54,-1007,1,1,0,4480
51,37423825,2,0.0,53,-1007,1,1,0,4480
52,37626367,1,0.0,54,-1008,1,0,0,4432
53,37823830,2,0.0,54,-1007,1,1,0,4480
54,38023847,1,0.0,54,-1008,1,1,0,4432
55,38223808,2,0.0,54,-1008,1,1,0,4480
56,38423815,1,0.0,54,-1008,1,1,0,4480
57,38626389,1,0.0,54,-1008,0,0,0,4432
58,38823832,1,0.0,54,-1008,1,1,0,4480
59,39023822,1,0.0,54,-1008,0,1,0,4480
60,39223823,1,0.0,53,-1009,0,1,0,4432
61,39423852,1,0.0,54,-1008,1,0,0,4480
62,39626385,1,0.0,54,-1009,0,1,0,4432
63,39823821,1,0.0,53,-1008,0,0,0,4480
64,40023818,1,0.0,54,-1008,0,1,1,4432
65,40223841,1,0.0,54,-1008,1,1,0,4432
66,40423831,1,0.0,54,-1008,1,1,0,4432
67,40626405,1,0.0,53,-1008,0,0,0,4432
68,40823824,1,0.0,54,-1007,1,0,0,4432
69,41023822,1,0.0,54,-1008,0,1,0,4432
70,41223830,1,0.0,54,-1007,0,0,0,4432
71,41423819,1,0.0,54,-1007,0,1,0,4432
72,41626388,1,0.0,54,-1007,1,1,0,4432
73,41823822,1,0.0,54,-1007,0,1,0,4432
74,42023838,1,0.0,54,-1007,0,1,0,4480
75,42223829,1,0.0,54,-1007,1,1,0,4432
76,42423823,1,0.0,54,-1008,1,0,0,4432
77,42626415,2,0.0,54,-1007,1,1,0,4480
78,42823822,1,0.0,54,-1007,1,1,0,4432
79,43023821,1,0.0,53,-1007,1,1,0,4480
80,43223818,1,0.0,54,-1007,0,0,0,4480
81,43423832,1,0.0,54,-1007,1,0,0,4480
82,43626408,2,0.0,54,-1007,1,1,0,4432
83,43823843,1,0.0,53,-1007,1,1,0,4432
84,44023825,1,0.0,54,-1007,0,2,0,4432
85,44223829,1,0.0,54,-1007,1,2,0,4480
86,44423820,1,0.0,54,-1007,1,2,0,4432
87,44626409,1,0.0,54,-1008,1,1,0,4480
88,44823830,1,0.0,54,-1008,0,0,0,4480
89,45023854,2,0.0,54,-1008,1,1,0,4432
90,45223822,1,0.0,53,-1007,1,1,0,4432
91,45423813,2,0.0,54,-1008,1,1,0,4480
92,45626408,1,0.0,53,-1008,1,0,0,4432
93,45823834,2,0.0,54,-1009,0,0,0,4480
94,46023798,1,0.0,53,-1008,1,1,0,4432
95,46223790,1,0.0,54,-1008,0,1,0,4432
96,46423830,1,0.0,54,-1009,1,1,0,4480
97,46626386,2,0.0,54,-1009,1,1,0,4480
98,46823824,1,0.0,54,-1008,0,0,0,4432
99,47023817,1,0.0,54,-1008,1,0,0,4432
100,47223833,1,0.0,53,-1008,1,0,0,4432
101,47423828,1,0.0,54,-1007,0,0,0,4480
102,47626415,1,0.0,54,-1007,0,0,0,4480
103,47823822,1,0.0,54,-1007,1,1,-1,4480
104,48023826,1,0.0,54,-1008,1,1,0,4432
105,48223839,1,0.0,54,-1007,1,1,0,4480
106,48423827,2,0.0,54,-1008,0,1,0,4480
107,48626419,1,0.0,54,-1004,2,3,0,4432
108,48823805,1,0.0,54,-1011,1,0,0,4480
109,49023823,1,0.0,53,-1010,1,0,0,4432
110,49223822,1,0.0,53,-1007,0,0,0,4480
111,49423817,1,0.0,53,-1007,1,0,0,4432
112,49626390,1,0.0,54,-1006,1,1,0,4480
113,49823835,2,0.0,54,-1006,1,1,0,4432
114,50023800,1,0.0,54,-1007,0,2,0,4432
115,50223801,1,0.0,53,-1008,1,1,0,4432
116,50423828,1,0.0,53,-1007,0,0,1,4480
117,50626440,1,0.0,53,-1007,1,0,1,4432
118,50823822,1,0.0,54,-1007,1,1,0,4480
119,51023822,1,0.0,54,-1008,1,1,1,4432
120,51223840,1,0.0,54,-1007,1,0,1,4432
121,51423815,2,0.0,54,-1007,0,1,0,4480
122,51626454,1,0.0,53,-1007,0,1,0,4432
123,51823805,1,0.0,54,-1007,0,1,0,4480
124,52023825,2,0.0,53,-1007,1,1,0,4432
125,52223805,2,0.0,54,-1007,0,1,0,4432
126,52423824,1,0.0,53,-1008,0,1,0,4432
127,52626401,1,0.0,54,-1007,1,1,0,4432
128,52823852,1,0.0,54,-1007,1,0,1,4432
129,53023865,2,0.0,53,-1008,1,1,0,4432
130,53223836,2,0.0,53,-1012,0,-1,0,4480
131,53423826,1,0.0,54,-1006,1,1,0,4480
132,53626396,1,0.0,54,-1007,1,2,0,4432
133,53823783,1,0.0,54,-1006,0,2,0,4432
134,54023821,1,0.0,54,-1007,0,0,0,4432
135,54223806,1,0.0,54,-1009,0,0,0,4480
136,54423849,1,0.0,54,-1008,2,2,0,4432
137,54626408,2,0.0,54,-1008,1,1,0,4432
138,54823854,2,0.0,54,-1008,0,1,0,4432
139,55023829,2,0.0,53,-1009,1,0,0,4480
140,55223827,1,0.0,54,-1008,1,0,0,4432
141,55423823,2,0.0,54,-1007,1,1,0,4432
142,55626382,1,0.0,53,-1013,0,0,0,4432
143,55823818,2,0.0,55,-1008,2,0,0,4480
144,56023852,0,0.0,54,-1006,0,1,0,4432
145,56223848,1,0.0,53,-1006,0,0,0,4480
146,56423846,1,0.0,53,-1008,1,1,0,4480
147,56626423,2,0.0,54,-1007,1,1,0,4432
148,56823821,2,0.0,54,-1008,1,0,0,4432
149,57023825,2,0.0,54,-1007,0,0,0,4480
150,57223824,2,0.0,55,-1008,0,0,0,4432
151,57423814,1,0.0,54,-1007,1,0,0,4432
152,57626400,1,0.0,54,-1008,1,1,0,4432
153,57823804,2,0.0,53,-1008,0,1,0,4432
154,58023801,1,0.0,53,-1007,1,2,0,4432
155,58223812,1,0.0,54,-1008,0,0,0,4480
156,58423838,1,0.0,54,-1007,1,0,0,4432
157,58626451,2,0.0,54,-1008,1,1,0,4432
158,58823806,1,0.0,54,-1007,1,0,0,4480
159,59023845,2,0.0,54,-1007,1,1,0,4432
160,59223803,2,0.0,54,-1007,1,1,0,4480
161,59423817,1,0.0,54,-1007,0,1,0,4432
162,59626414,1,0.0,54,-1008,1,0,0,4480
163,59823819,2,0.0,54,-1008,0,0,0,4432
164,60023828,1,0.0,54,-1009,1,2,0,4480
165,60223854,1,0.0,54,-1009,1,1,0,4480
166,60423817,1,0.0,54,-1009,1,1,0,4432
167,60626406,1,0.0,54,-1009,0,1,0,4432
168,60823824,2,0.0,53,-1008,1,0,1,4432
169,61023816,1,0.0,54,-1008,0,0,0,4432
170,61223825,2,0.0,53,-1007,1,1,0,4432
171,61423833,1,0.0,53,-1009,1,1,0,4432
172,61626416,1,0.0,54,-1007,1,1,0,4432
173,61823815,1,0.0,54,-1009,1,2,0,4432
174,62023831,0,0.0,54,-1009,0,1,0,4432
175,62223790,1,0.0,53,-1008,1,1,1,4432
176,62423823,1,0.0,53,-1008,0,0,0,4432
177,62626365,2,0.0,54,-1008,0,1,0,4432
178,62823792,1,0.0,53,-1008,1,1,0,4480
179,63023817,1,0.0,54,-1007,1,0,0,4432
180,63223859,2,0.0,54,-1008,1,1,0,4432
181,63423829,2,0.0,54,-1007,1,1,0,4432
182,63626349,2,0.0,54,-1008,1,1,0,4480
183,63823834,2,0.0,54,-1007,0,1,0,4432
184,64023819,2,0.0,54,-1007,1,1,0,4432
185,64223836,1,0.0,53,-1007,1,1,0,4432
186,64423818,1,0.0,54,-1007,2,1,0,4480
187,64626412,2,0.0,54,-1007,0,0,0,4432
188,64823814,1,0.0,54,-1007,1,1,0,4480
189,65023821,1,0.0,54,-1007,0,1,0,4432
190,65223824,2,0.0,54,-1007,1,0,0,4480
191,65423811,2,0.0,53,-1007,1,1,0,4480
192,65626410,1,0.0,53,-1007,1,0,0,4432
193,65823819,1,0.0,54,-1007,0,1,0,4432
194,66023796,1,0.0,54,-1008,1,1,0,4480
195,66223837,1,0.0,54,-1008,1,1,0,4480
196,66423821,2,0.0,54,-1008,0,1,0,4480
197,66626425,1,0.0,54,-1008,1,1,0,4432
198,66823827,1,0.0,54,-1008,1,1,0,4432
199,67023827,1,0.0,53,-1008,1,0,0,4432
200,67823826,1,24000.0,54,-1008,0,0,1,4480
201,68023839,1,24000.0,54,-1008,1,1,1,4432
202,68223825,1,24000.0,54,-1009,0,0,0,4432
203,68423817,2,24000.0,54,-1008,0,1,0,4432
204,68626363,2,24000.0,53,-1008,0,1,0,4480
205,68823806,1,24000.0,54,-1008,1,1,0,4432
206,69023823,2,24000.0,54,-1007,1,1,0,4480
207,69223860,1,24000.0,54,-1008,0,1,0,4432
208,69423810,1,24000.0,54,-1008,0,0,0,4432
209,69626398,1,24000.0,54,-1007,0,1,0,4432
210,69823826,1,24000.0,54,-1008,1,0,0,4432
211,70023826,1,24000.0,54,-1007,1,1,0,4432
212,70223823,1,24000.0,54,-1008,1,1,0,4432
213,70423838,1,24000.0,54,-1007,1,1,0,4432
214,70626439,1,24000.0,54,-1007,0,0,0,4480
215,70823838,2,24000.0,54,-1007,0,1,0,4432
216,71023837,1,24000.0,54,-1007,1,1,0,4480
217,71223837,1,24000.0,54,-1007,1,1,0,4432
218,71423825,1,24000.0,54,-1007,0,1,0,4432
219,71626497,1,24000.0,54,-1007,0,1,0,4432
220,73823828,1,24050.0,54,-1008,0,1,0,4432
221,74023824,1,24050.0,54,-1007,1,1,0,4480
222,74223817,1,24050.0,54,-1007,1,0,0,4480
223,74423830,1,24050.0,54,-1008,1,1,0,4432
224,74626390,1,24050.0,54,-1007,0,1,0,4480
225,74823823,1,24050.0,54,-1007,1,1,1,4432
226,75023828,1,24050.0,54,-1008,1,0,0,4480
227,75223820,1,24050.0,54,-1007,1,1,0,4432
228,75423818,1,24050.0,53,-1008,1,1,0,4480
229,75626379,1,24050.0,53,-1008,0,2,0,4432
230,75823848,1,24050.0,54,-1008,1,2,0,4480
231,76023819,1,24050.0,54,-1008,0,1,0,4432
232,76223833,1,24050.0,54,-1008,1,0,0,4480
233,76423849,1,24050.0,53,-1008,1,0,0,4432
234,76626424,1,24050.0,53,-1008,0,1,0,4432
235,76823801,1,24050.0,54,-1008,1,1,-1,4480
236,77023803,2,24050.0,54,-1007,1,0,0,4480
237,77223832,1,24050.0,54,-1008,0,1,0,4480
238,77423827,1,24050.0,54,-1007,1,0,0,4432
239,77626432,2,24050.0,54,-1008,1,1,0,4432
240,79823827,1,24100.0,54,-1007,1,1,0,4432
241,80023844,1,24100.0,54,-1007,1,1,0,4480
242,80223833,2,24100.0,54,-1007,1,0,0,4480
243,80423826,1,24100.0,54,-1007,1,1,0,4432
244,80626356,2,24100.0,54,-1008,0,1,0,4432
245,80823833,2,24100.0,54,-1008,0,0,0,4432
246,81023815,1,24100.0,54,-1008,2,1,0,4432
247,81223840,1,24100.0,53,-1007,0,1,0,4480
248,81423838,1,24100.0,53,-1007,1,1,0,4480
249,81626373,1,24100.0,54,-1008,0,1,0,4432
250,81823838,1,24100.0,54,-1008,1,1,0,4432
251,82023823,1,24100.0,54,-1008,0,1,1,4480
252,82223814,2,24100.0,53,-1009,1,0,0,4432
253,82423853,1,24100.0,53,-1009,1,1,0,4432
254,82626426,1,24100.0,54,-1008,1,1,0,4480
255,82823827,2,24100.0,54,-1008,1,1,0,4480
256,83023828,1,24100.0,54,-1008,1,1,0,4480
257,83223830,1,24100.0,54,-1008,1,0,0,4480
258,83423862,1,24100.0,54,-1008,0,1,0,4432
259,83626389,1,24100.0,54,-1008,0,1,0,4432
260,85823819,1,24150.0,54,-1007,1,1,0,4432
261,86023825,1,24150.0,54,-1007,1,1,0,4432
262,86223846,1,24150.0,54,-1007,1,0,0,4480
263,86423833,1,24150.0,53,-1007,0,0,0,4480
264,86626422,1,24150.0,51,-1009,0,1,0,4480
265,86823836,2,24150.0,54,-1008,3,0,0,4480
266,87023823,-1,24150.0,51,-1007,0,3,1,4480
267,87223847,0,24150.0,53,-1007,0,0,0,4432
268,87423835,1,24150.0,54,-1009,0,1,0,4432
269,87626422,1,24150.0,54,-1008,1,1,0,4432
270,87823827,1,24150.0,54,-1008,0,0,0,4432
271,88023831,2,24150.0,54,-1008,0,1,0,4432
272,88223826,2,24150.0,54,-1007,0,1,0,4432
273,88423833,1,24150.0,54,-1007,0,1,0,4480
274,88626359,1,24150.0,53,-1008,0,1,0,4432
275,88823845,2,24150.0,54,-1007,1,1,0,4432
276,89023842,1,24150.0,53,-1007,1,1,0,4480
277,89223832,1,24150.0,54,-1007,1,1,0,4432
278,89423810,1,24150.0,54,-1008,1,0,0,4480
279,89626363,1,24150.0,54,-1008,0,0,0,4432
280,91823850,1,24200.0,54,-1008,0,1,0,4432
281,92023827,1,24200.0,54,-1008,1,1,0,4432
282,92223720,1,24200.0,54,-1009,1,0,0,4432
283,92423691,1,24200.0,53,-1008,0,0,0,4432
284,92626395,1,24200.0,53,-1009,1,0,0,4432
285,92823697,1,24200.0,54,-1008,1,1,0,4480
286,93023646,1,24200.0,54,-1008,0,1,0,4432
287,93223647,2,24200.0,53,-1007,1,1,0,4432
288,93423688,2,24200.0,54,-1007,0,0,0,4480
289,93626389,1,24200.0,54,-1008,0,0,0,4432
290,93823689,1,24200.0,54,-1007,1,1,0,4480
291,94023703,1,24200.0,54,-1006,0,0,0,4480
292,94223702,1,24200.0,53,-1007,1,1,0,4480
293,94423686,2,24200.0,54,-1007,0,1,0,4432
294,94626431,1,24200.0,54,-1007,0,1,0,4432
295,94823700,2,24200.0,54,-1007,1,2,0,4480
296,95023668,1,24200.0,54,-1007,1,2,0,4432
297,95223702,1,24200.0,54,-1008,1,0,0,4480
298,95423665,2,24200.0,54,-1007,1,0,0,4480
299,95626370,2,24200.0,54,-1007,1,1,0,4432
300,97823719,1,24250.0,54,-1009,1,1,0,4432
301,98023720,0,24250.0,54,-1008,1,0,0,4432
302,98223694,1,24250.0,53,-1008,0,1,0,4432
303,98423701,2,24250.0,54,-1008,0,0,0,4432
304,98626396,2,24250.0,54,-1008,1,1,0,4480
305,98823661,1,24250.0,54,-1008,0,1,0,4480
306,99023664,1,24250.0,54,-1008,0,1,1,4432
307,99223675,1,24250.0,54,-1008,1,0,0,4432
308,99423708,1,24250.0,54,-1007,0,0,0,4480
309,99626407,1,24250.0,54,-1006,0,0,0,4480
310,99823688,2,24250.0,53,-1007,1,0,0,4432
311,100023730,1,24250.0,53,-1007,1,0,0,4432
312,100223644,1,24250.0,54,-1007,0,1,0,4480
313,100423671,1,24250.0,53,-1007,1,2,0,4432
314,100626396,1,24250.0,54,-1007,0,0,0,4432
315,100823710,2,24250.0,54,-1007,1,1,0,4480
316,101023728,1,24250.0,54,-1007,1,1,1,4480
317,101223655,1,24250.0,54,-1008,0,0,1,4480
318,101423718,2,24250.0,54,-1008,1,1,0,4432
319,101626397,1,24250.0,54,-1007,1,0,0,4480
320,103823665,2,24300.0,54,-1009,1,2,0,4480
321,104023669,2,24300.0,54,-1008,0,0,0,4480
322,104223648,1,24300.0,54,-1008,1,1,0,4432
323,104423699,2,24300.0,54,-1008,1,0,0,4432
324,104626363,2,24300.0,54,-1008,1,1,0,4432
325,104823661,1,24300.0,53,-1008,1,0,0,4432
326,105023661,2,24300.0,54,-1007,1,1,0,4480
327,105223738,2,24300.0,54,-1008,0,1,0,4432
328,105423665,1,24300.0,54,-1007,1,1,0,4480
329,105626414,1,24300.0,53,-1007,0,0,0,4432
330,105823662,1,24300.0,54,-1007,1,1,0,4432
331,106023703,1,24300.0,53,-1007,0,1,0,4480
332,106223669,1,24300.0,54,-1007,0,1,0,4480
333,106423669,1,24300.0,54,-1007,1,0,0,4480
334,106626388,2,24300.0,53,-1007,1,2,0,4480
335,106823693,1,24300.0,54,-1007,0,0,0,4432
336,107023736,1,24300.0,54,-1007,0,0,0,4432
337,107223718,1,24300.0,54,-1008,0,0,0,4480
338,107423647,1,24300.0,54,-1007,1,1,0,4432
339,107626390,1,24300.0,53,-1008,1,0,0,4480
340,109823641,2,24350.0,53,-1008,0,0,0,4432
341,110023728,1,24350.0,53,-1008,1,1,0,4480
342,110223669,1,24350.0,54,-1008,0,1,-1,4480
343,110423713,1,24350.0,54,-1008,1,1,0,4480
344,110626389,1,24350.0,54,-1008,0,0,0,4432
345,110823664,2,24350.0,53,-1008,1,0,0,4432
346,111023662,1,24350.0,54,-1008,1,1,0,4432
347,111223670,1,24350.0,53,-1007,0,1,1,4480
348,111423673,1,24350.0,54,-1008,1,0,0,4432
349,111626402,1,24350.0,54,-1008,1,1,0,4480
350,111823727,2,24350.0,54,-1008,0,1,0,4480
351,112023662,1,24350.0,54,-1007,1,1,1,4480
352,112223650,1,24350.0,54,-1008,1,0,0,4432
353,112423728,1,24350.0,54,-1007,0,1,0,4480
354,112626391,1,24350.0,54,-1007,1,0,0,4432
355,112823706,1,24350.0,54,-1007,1,0,0,4480
356,113023655,1,24350.0,54,-1007,1,1,0,4480
357,113223674,1,24350.0,54,-1007,1,1,0,4432
358,113423666,1,24350.0,54,-1007,2,0,0,4432
359,113626425,1,24350.0,54,-1007,1,1,0,4480
360,115823675,1,24400.0,54,-1008,0,0,0,4480
361,116023682,1,24400.0,54,-1008,0,1,0,4480
362,116223663,2,24400.0,54,-1008,0,1,0,4432
363,116423641,2,24400.0,54,-1008,1,1,0,4480
364,116626459,2,24400.0,54,-1008,1,1,0,4480
365,116823685,2,24400.0,54,-1008,0,1,0,4480
366,117023671,1,24400.0,54,-1008,0,1,0,4480
367,117223713,2,24400.0,53,-1008,1,1,0,4480
368,117423704,1,24400.0,54,-1009,1,1,0,4480
369,117626392,1,24400.0,54,-1007,1,0,0,4432
370,117823653,1,24400.0,54,-1008,1,1,0,4480
371,118023663,1,24400.0,53,-1008,0,1,0,4480
372,118223714,1,24400.0,54,-1008,1,1,0,4480
373,118423698,2,24400.0,54,-1009,1,0,0,4432
374,118626433,2,24400.0,53,-1008,1,1,0,4480
375,118823707,1,24400.0,54,-1007,1,0,0,4432
376,119023640,2,24400.0,53,-1008,1,0,0,4432
377,119223707,1,24400.0,54,-1008,0,0,0,4480
378,119423720,1,24400.0,54,-1008,1,1,1,4432
379,119626394,1,24400.0,54,-1008,1,1,0,4432
380,121823667,1,24450.0,53,-1008,1,1,0,4480
381,122023706,2,24450.0,54,-1007,0,0,0,4432
382,122223701,1,24450.0,54,-1007,0,1,0,4432
383,122423647,1,24450.0,54,-1007,1,1,0,4432
384,122626389,1,24450.0,53,-1007,0,1,0,4432
385,122823715,2,24450.0,54,-1007,0,0,0,4480
386,123023648,1,24450.0,54,-1007,1,1,0,4480
387,123223681,2,24450.0,54,-1007,1,0,0,4432
388,123423703,1,24450.0,54,-1007,1,0,0,4480
389,123628807,1,24450.0,54,-1007,1,0,0,4432
390,123823643,1,24450.0,54,-1007,1,0,0,4432
391,124023670,1,24450.0,54,-1007,1,0,0,4480
392,124223711,1,24450.0,53,-1007,1,1,0,4432
393,124423645,2,24450.0,53,-1007,1,0,0,4432
394,124626381,1,24450.0,54,-1007,1,1,0,4432
395,124823661,1,24450.0,54,-1008,1,1,0,4432
396,125023723,2,24450.0,53,-1007,0,1,0,4480
397,125223652,1,24450.0,54,-1008,0,0,0,4480
398,125423662,1,24450.0,53,-1008,1,0,0,4480
399,125626551,1,24450.0,54,-1008,1,1,0,4480
400,127823687,1,24500.0,54,-1008,1,0,0,4432
401,128023682,1,24500.0,53,-1008,1,0,0,4480
402,128223678,1,24500.0,54,-1008,0,0,0,4432
403,128423651,1,24500.0,54,-1008,0,0,0,4432
404,128626589,1,24500.0,54,-1008,0,1,0,4432
405,128823705,1,24500.0,53,-1008,0,1,0,4432
406,129023713,1,24500.0,54,-1008,0,1,0,4432
407,129223648,1,24500.0,54,-1008,1,1,0,4480
408,129423704,2,24500.0,54,-1008,1,1,0,4480
409,129626528,1,24500.0,53,-1008,1,1,0,4480
410,129823698,1,24500.0,53,-1008,1,0,0,4432
411,130023702,1,24500.0,54,-1008,1,1,0,4432
412,130223708,1,24500.0,54,-1008,2,0,0,4480
413,130423729,1,24500.0,54,-1007,1,0,0,4480
414,130626574,2,24500.0,53,-1007,2,1,0,4432
415,130823662,2,24500.0,54,-1007,1,1,0,4480
416,131023666,1,24500.0,54,-1007,1,1,0,4432
417,131223663,1,24500.0,53,-1007,1,0,0,4480
418,131423709,1,24500.0,53,-1007,0,1,0,4480
419,131626524,1,24500.0,54,-1007,1,1,0,4480
420,133823659,1,24550.0,53,-1008,0,0,0,4432
421,134023679,2,24550.0,54,-1008,1,1,0,4480
422,134223674,1,24550.0,54,-1008,1,1,0,4480
423,134423828,1,24550.0,54,-1008,1,1,0,4432
424,134626486,1,24550.0,54,-1008,1,1,1,4432
425,134823830,1,24550.0,54,-1008,1,0,0,4432
426,135023822,1,24550.0,54,-1008,1,0,0,4480
427,135223839,2,24550.0,54,-1007,1,1,0,4480
428,135423835,1,24550.0,54,-1007,1,1,0,4432
429,135626398,2,24550.0,53,-1007,1,0,0,4432
430,135823837,1,24550.0,54,-1007,0,0,0,4480
431,136023814,1,24550.0,54,-1007,0,1,0,4480
432,136223841,1,24550.0,54,-1008,1,1,0,4480
433,136423825,1,24550.0,54,-1008,1,1,0,4480
434,136626383,1,24550.0,54,-1008,0,1,0,4480
435,136823829,2,24550.0,54,-1007,1,0,0,4432
436,137023644,1,24550.0,53,-1008,1,0,0,4432
437,137223714,2,24550.0,54,-1008,1,0,0,4432
438,137423716,2,24550.0,54,-1008,1,0,0,4432
439,137626411,1,24550.0,53,-1008,1,1,0,4480
440,139823676,1,24600.0,54,-1009,1,1,0,4480
441,140023694,1,24600.0,54,-1008,1,0,0,4432
442,140223660,1,24600.0,53,-1009,1,1,0,4480
443,140423664,1,24600.0,54,-1008,0,0,0,4432
444,140626370,2,24600.0,54,-1009,0,0,0,4480
445,140823727,1,24600.0,54,-1008,0,1,0,4480
446,141023693,2,24600.0,53,-1008,0,1,0,4432
447,141223715,1,24600.0,54,-1008,1,1,0,4432
448,141423661,2,24600.0,54,-1008,1,1,0,4480
449,141626382,1,24600.0,53,-1007,0,0,0,4432
450,141823677,2,24600.0,54,-1007,0,1,0,4432
451,142023670,2,24600.0,54,-1007,1,0,0,4432
452,142223725,1,24600.0,54,-1007,1,1,0,4480
453,142423665,1,24600.0,54,-1007,1,0,0,4432
454,142628713,1,24600.0,53,-1007,1,0,0,4432
455,142823669,2,24600.0,53,-1007,1,0,0,4432
456,143023687,1,24600.0,53,-1007,0,1,0,4480
457,143223716,1,24600.0,54,-1006,1,1,0,4480
458,143423735,1,24600.0,54,-1007,1,2,0,4432
459,143626372,2,24600.0,54,-1007,2,1,0,4480
460,145823674,2,24650.0,54,-1008,1,0,0,4480
461,146023715,1,24650.0,53,-1008,0,0,0,4432
462,146223674,1,24650.0,54,-1008,0,1,0,4480
463,146423716,2,24650.0,54,-1009,1,0,0,4432
464,146626393,1,24650.0,53,-1008,1,1,0,4432
465,146823708,1,24650.0,54,-1008,1,1,0,4432
466,147023673,1,24650.0,54,-1007,0,0,0,4480
467,147223732,1,24650.0,53,-1007,0,1,0,4432
468,147423649,2,24650.0,53,-1007,0,0,0,4432
469,147626410,2,24650.0,53,-1007,1,1,0,4432
470,147823711,1,24650.0,54,-1007,1,1,0,4480
471,148023694,1,24650.0,53,-1008,1,1,0,4480
472,148223693,1,24650.0,54,-1007,1,1,0,4432
473,148423726,1,24650.0,53,-1008,0,1,0,4480
474,148626424,1,24650.0,54,-1008,1,0,0,4432
475,148823711,1,24650.0,54,-1008,1,2,0,4480
476,149023688,1,24650.0,54,-1009,2,1,0,4480
477,149223704,1,24650.0,54,-1008,0,1,0,4432
478,149423663,1,24650.0,54,-1008,1,0,0,4432
479,149626383,2,24650.0,53,-1008,1,1,0,4432
480,151823651,1,24700.0,54,-1007,1,1,0,4480
481,152023732,1,24700.0,54,-1007,1,1,0,4432
482,152223716,2,24700.0,54,-1007,1,1,0,4480
483,152423642,1,24700.0,54,-1008,1,1,0,4432
484,152626426,1,24700.0,54,-1008,1,1,0,4480
485,152823640,1,24700.0,54,-1008,0,1,0,4432
486,153023641,1,24700.0,54,-1008,1,0,0,4480
487,153223670,2,24700.0,54,-1009,1,1,0,4432
488,153423704,2,24700.0,53,-1008,1,2,0,4480
489,153626389,1,24700.0,54,-1008,2,0,0,4480
490,153823710,2,24700.0,54,-1009,0,1,0,4432
491,154023665,1,24700.0,54,-1009,1,1,1,4480
492,154223674,1,24700.0,54,-1009,1,1,0,4480
493,154423703,1,24700.0,53,-1009,1,1,0,4480
494,154626441,1,24700.0,54,-1009,0,1,0,4480
495,154823719,1,24700.0,54,-1009,0,1,0,4480
496,155023635,1,24700.0,54,-1009,1,1,0,4480
497,155223669,1,24700.0,54,-1009,1,2,0,4432
498,155423695,1,24700.0,53,-1009,0,1,0,4480
499,155626387,1,24700.0,54,-1008,1,1,0,4480
500,157823686,2,24750.0,54,-1006,0,1,0,4480
501,158023696,1,24750.0,54,-1007,0,1,0,4480
502,158223647,1,24750.0,54,-1007,0,1,0,4480
503,158423671,2,24750.0,54,-1007,1,1,1,4480
504,158626421,1,24750.0,54,-1007,0,0,0,4480
505,158823669,1,24750.0,54,-1008,1,0,0,4480
506,159023652,2,24750.0,54,-1008,0,1,0,4432
507,159223733,2,24750.0,53,-1008,1,1,0,4432
508,159423720,1,24750.0,54,-1008,2,0,0,4480
509,159626436,1,24750.0,54,-1008,1,1,0,4480
510,159823705,2,24750.0,54,-1009,1,0,0,4480
511,160023653,2,24750.0,54,-1009,1,0,0,4432
512,160223665,1,24750.0,54,-1009,1,1,0,4432
513,160423664,1,24750.0,54,-1010,1,1,0,4480
514,160626415,2,24750.0,54,-1009,0,1,0,4432
515,160823691,1,24750.0,54,-1009,1,1,0,4432
516,161023715,1,24750.0,54,-1008,0,1,0,4432
517,161223659,1,24750.0,54,-1009,0,0,0,4432
518,161423710,2,24750.0,54,-1008,1,0,0,4432
519,161626686,1,24750.0,54,-1008,1,1,0,4432
520,163823691,1,24800.0,54,-1007,1,1,0,4480
521,164023696,1,24800.0,54,-1007,0,1,0,4480
522,164223692,1,24800.0,54,-1008,1,1,1,4480
523,164423707,1,24800.0,53,-1007,1,1,1,4480
524,164626646,1,24800.0,54,-1008,1,1,0,4480
525,164823705,1,24800.0,54,-1008,1,0,0,4480
526,165023715,2,24800.0,54,-1008,1,1,0,4480
527,165223716,1,24800.0,54,-1008,1,1,0,4480
528,165423667,2,24800.0,54,-1008,1,0,0,4480
529,165626585,2,24800.0,54,-1009,1,1,0,4432
530,165823702,1,24800.0,54,-1008,1,1,0,4432
531,166023689,2,24800.0,53,-1009,0,1,0,4432
532,166223713,2,24800.0,53,-1008,1,1,0,4432
533,166423727,2,24800.0,54,-1008,1,1,0,4432
534,166628628,1,24800.0,54,-1008,1,0,0,4432
535,166823666,1,24800.0,54,-1009,1,0,0,4480
536,167023701,1,24800.0,53,-1008,0,1,0,4480
537,167223743,1,24800.0,54,-1008,1,0,0,4432
538,167423668,2,24800.0,54,-1008,0,1,0,4432
539,167626683,1,24800.0,53,-1008,1,1,0,4432
540,169823678,1,24850.0,53,-1007,1,1,0,4432
541,170023683,2,24850.0,53,-1008,1,0,0,4432
542,170223673,1,24850.0,53,-1007,0,0,0,4480
543,170423710,2,24850.0,54,-1007,1,1,0,4480
544,170626684,1,24850.0,54,-1007,0,1,0,4432
545,170823671,1,24850.0,54,-1007,1,1,0,4432
546,171023707,1,24850.0,53,-1007,0,1,0,4480
547,171223660,1,24850.0,54,-1007,1,1,0,4432
548,171423700,1,24850.0,54,-1007,0,1,0,4432
549,171626496,2,24850.0,53,-1007,1,1,0,4432
550,171823721,1,24850.0,53,-1008,1,1,0,4480
551,172023665,2,24850.0,54,-1007,1,0,0,4480
552,172223725,2,24850.0,54,-1008,1,0,0,4480
553,172423725,1,24850.0,53,-1007,0,1,0,4480
554,172626537,2,24850.0,54,-1008,0,0,0,4480
555,172823716,1,24850.0,54,-1008,1,1,0,4480
556,173023643,2,24850.0,53,-1008,0,1,0,4432
557,173223727,2,24850.0,54,-1009,1,1,0,4480
558,173423666,2,24850.0,54,-1009,1,1,0,4480
559,173626689,1,24850.0,54,-1008,0,1,0,4432
560,175823669,1,24900.0,53,-1008,0,0,0,4432
561,176023660,1,24900.0,54,-1008,1,1,0,4432
562,176223726,1,24900.0,53,-1008,1,1,0,4432
563,176423731,1,24900.0,53,-1007,1,0,0,4480
564,176626662,1,24900.0,53,-1008,1,1,0,4480
565,176823717,2,24900.0,53,-1008,1,0,0,4480
566,177023667,2,24900.0,54,-1007,2,1,0,4432
567,177223686,1,24900.0,54,-1007,2,1,0,4480
568,177423694,1,24900.0,54,-1007,1,1,0,4480
569,177626591,1,24900.0,53,-1007,0,1,0,4480
570,177823679,1,24900.0,53,-1007,1,0,0,4480
571,178023670,1,24900.0,53,-1008,1,1,0,4432
572,178223666,2,24900.0,54,-1007,1,1,0,4480
573,178423714,1,24900.0,54,-1008,0,0,0,4432
574,178626534,2,24900.0,54,-1009,1,1,0,4480
575,178823704,2,24900.0,53,-1008,0,2,0,4480
576,179023658,2,24900.0,53,-1008,0,0,0,4480
577,179223669,1,24900.0,54,-1008,1,1,0,4432
578,179423664,1,24900.0,54,-1008,0,0,0,4480
579,179628637,1,24900.0,54,-1008,2,1,0,4432
580,181823656,1,24950.0,54,-1008,1,1,0,4480
581,182023681,1,24950.0,54,-1007,1,1,0,4432
582,182223662,2,24950.0,54,-1007,0,0,0,4480
583,182423662,1,24950.0,54,-1008,0,2,0,4480
584,182626637,1,24950.0,54,-1008,1,1,0,4432
585,182823704,1,24950.0,54,-1007,1,1,0,4480
586,183023647,1,24950.0,54,-1007,0,0,0,4480
587,183223664,1,24950.0,54,-1007,1,1,0,4432
588,183423663,1,24950.0,54,-1007,1,1,0,4480
589,183626568,1,24950.0,54,-1007,1,1,0,4432
590,183823672,2,24950.0,54,-1008,1,0,0,4480
591,184023668,1,24950.0,54,-1008,1,1,0,4480
592,184223658,1,24950.0,54,-1008,1,1,0,4480
593,184423681,2,24950.0,54,-1009,0,0,0,4480
594,184626590,2,24950.0,54,-1008,1,1,0,4480
595,184823651,1,24950.0,54,-1008,1,0,0,4480
596,185023722,1,24950.0,54,-1008,1,1,0,4480
597,185223656,1,24950.0,54,-1008,1,1,0,4480
598,185423654,1,24950.0,54,-1008,1,1,0,4480
599,185626668,1,24950.0,54,-1009,1,1,0,4480
600,187823647,2,25000.0,53,-1008,1,1,0,4432
601,188023706,1,25000.0,53,-1008,1,1,0,4432
602,188223667,2,25000.0,54,-1008,0,1,1,4432
603,188423651,1,25000.0,54,-1007,1,0,0,4480
604,188626678,1,25000.0,53,-1008,0,0,0,4480
605,188823659,2,25000.0,53,-1007,0,2,0,4480
606,189023693,1,25000.0,54,-1008,0,1,0,4432
607,189223725,1,25000.0,53,-1007,0,0,0,4480
608,189423709,1,25000.0,54,-1008,1,0,0,4480
609,189626563,2,25000.0,53,-1008,0,1,0,4480
610,189823729,1,25000.0,54,-1008,0,0,0,4432
611,190023682,1,25000.0,53,-1008,1,0,0,4480
612,190223649,1,25000.0,54,-1008,0,0,0,4480
613,190423712,1,25000.0,54,-1008,1,1,0,4432
614,190626536,1,25000.0,54,-1008,1,0,1,4480
615,190823665,2,25000.0,54,-1008,0,1,0,4480
616,191023715,1,25000.0,53,-1008,1,0,0,4432
617,191223722,2,25000.0,54,-1008,0,0,0,4480
618,191423693,1,25000.0,53,-1008,1,1,0,4480
619,191626698,1,25000.0,53,-1008,1,1,0,4432
620,193823696,2,25050.0,54,-1007,1,0,0,4480
621,194023656,2,25050.0,54,-1007,0,1,0,4432
622,194223705,1,25050.0,54,-1007,0,1,0,4432
623,194423676,1,25050.0,53,-1006,0,1,0,4480
624,194628623,1,25050.0,53,-1007,1,1,0,4480
625,194823677,1,25050.0,54,-1007,1,1,0,4480
626,195023713,1,25050.0,54,-1008,2,1,0,4432
627,195223726,1,25050.0,53,-1008,0,0,0,4432
628,195423695,2,25050.0,54,-1008,1,1,0,4432
629,195626505,1,25050.0,54,-1008,1,1,0,4432
630,195823713,1,25050.0,53,-1008,1,1,0,4480
631,196023696,1,25050.0,54,-1008,1,1,0,4480
632,196223699,1,25050.0,54,-1008,1,0,0,4432
633,196423712,2,25050.0,53,-1008,1,2,0,4480
634,196628636,1,25050.0,53,-1008,1,0,0,4432
635,196823696,1,25050.0,54,-1008,1,0,0,4432
636,197023706,2,25050.0,54,-1008,0,1,0,4480
637,197223700,2,25050.0,54,-1007,1,1,0,4432
638,197423659,2,25050.0,53,-1008,1,0,0,4432
639,197628686,1,25050.0,53,-1007,1,0,1,4480
640,199823694,1,25100.0,53,-1008,0,0,0,4432
641,200023711,1,25100.0,53,-1008,1,1,0,4432
642,200223662,2,25100.0,54,-1007,1,1,0,4480
643,200423666,1,25100.0,53,-1008,1,1,0,4432
644,200626632,2,25100.0,54,-1007,2,1,0,4480
645,200823705,1,25100.0,54,-1008,0,1,0,4480
646,201023703,2,25100.0,54,-1008,1,0,0,4432
647,201223727,2,25100.0,54,-1008,0,1,0,4432
648,201423654,2,25100.0,53,-1008,1,1,0,4480
649,201626550,2,25100.0,54,-1008,1,1,0,4480
650,201823723,1,25100.0,53,-1007,1,1,0,4432
651,202023707,1,25100.0,54,-1007,1,0,0,4480
652,202223694,1,25100.0,53,-1007,1,1,0,4480
653,202423667,1,25100.0,54,-1007,1,1,0,4480
654,202626576,1,25100.0,53,-1008,1,0,1,4480
655,202823663,1,25100.0,54,-1008,1,0,0,4432
656,203023670,1,25100.0,53,-1008,1,1,0,4432
657,203223696,1,25100.0,54,-1008,1,2,0,4480
658,203423640,2,25100.0,54,-1007,1,1,1,4480
659,203628624,1,25100.0,53,-1008,1,1,1,4432
660,205823719,1,25150.0,54,-1009,1,1,0,4432
661,206023672,2,25150.0,54,-1008,1,1,0,4480
662,206223712,1,25150.0,53,-1008,1,0,0,4480
663,206423691,2,25150.0,54,-1007,1,1,0,4432
664,206626665,2,25150.0,53,-1008,0,1,0,4480
665,206823715,2,25150.0,54,-1008,1,1,0,4480
666,207023667,2,25150.0,53,-1008,1,0,0,4432
667,207223723,1,25150.0,54,-1008,0,1,0,4432
668,207423642,1,25150.0,53,-1007,1,0,0,4480
669,207626596,1,25150.0,53,-1008,1,1,0,4480
670,207823947,1,25150.0,54,-1007,1,1,0,4432
671,208023842,1,25150.0,54,-1007,1,1,0,4480
672,208223838,1,25150.0,54,-1008,1,1,0,4480
673,208423907,1,25150.0,53,-1007,1,1,0,4432
674,208626393,1,25150.0,54,-1008,1,1,0,4432
675,208823848,1,25150.0,53,-1007,0,1,0,4480
676,209023926,2,25150.0,54,-1008,1,1,0,4480
677,209223850,1,25150.0,54,-1007,1,1,0,4480
678,209423829,2,25150.0,54,-1008,1,0,0,4480
679,209626471,1,25150.0,54,-1007,1,0,0,4480
680,211823841,1,25200.0,54,-1008,0,1,0,4480
681,212023913,1,25200.0,54,-1008,1,1,0,4480
682,212223825,1,25200.0,54,-1008,0,1,0,4432
683,212423835,2,25200.0,54,-1007,0,1,0,4480
684,212626485,2,25200.0,53,-1007,1,1,0,4480
685,212823825,1,25200.0,53,-1008,1,1,0,4480
686,213023793,2,25200.0,54,-1008,1,0,0,4480
687,213223927,1,25200.0,54,-1007,1,1,0,4480
688,213423822,1,25200.0,54,-1008,0,1,0,4480
689,213626388,1,25200.0,54,-1008,0,0,0,4480
690,213823921,1,25200.0,54,-1008,1,1,0,4480
691,214023804,2,25200.0,53,-1008,0,0,0,4480
692,214223848,1,25200.0,53,-1008,1,0,0,4480
693,214423960,1,25200.0,54,-1008,1,0,0,4432
694,214626401,1,25200.0,54,-1008,0,0,0,4480
695,214823832,2,25200.0,54,-1008,1,1,0,4432
696,215023922,1,25200.0,54,-1008,0,1,0,4480
697,215223826,1,25200.0,54,-1008,0,0,0,4480
698,215423826,1,25200.0,54,-1007,1,1,0,4480
699,215628683,1,25200.0,54,-1008,1,1,0,4432
700,217823846,1,25250.0,53,-1008,1,2,0,4480
701,218023914,1,25250.0,54,-1008,0,1,0,4480
702,218223845,1,25250.0,53,-1007,0,1,0,4480
703,218423822,1,25250.0,54,-1008,1,2,0,4480
704,218626418,1,25250.0,54,-1008,1,1,0,4480
705,218823830,1,25250.0,54,-1008,1,2,0,4480
706,219023805,1,25250.0,54,-1008,1,1,0,4432
707,219223915,1,25250.0,54,-1008,1,1,0,4480
708,219423834,1,25250.0,54,-1008,1,0,0,4432
709,219626413,2,25250.0,54,-1007,1,0,0,4432
710,219823925,1,25250.0,54,-1007,1,1,0,4480
711,220023831,1,25250.0,53,-1008,0,1,0,4480
712,220223832,2,25250.0,54,-1008,2,1,0,4480
713,220423924,2,25250.0,54,-1008,0,1,0,4432
714,220626444,2,25250.0,53,-1008,1,1,0,4480
715,220823828,1,25250.0,53,-1008,1,1,0,4432
716,221023904,1,25250.0,54,-1008,1,1,0,4480
717,221223835,1,25250.0,54,-1008,1,1,0,4480
718,221423837,1,25250.0,54,-1009,1,2,0,4480
719,221628682,1,25250.0,53,-1008,1,1,0,4480
720,223823842,2,25300.0,53,-1007,1,1,0,4480
721,224023924,1,25300.0,54,-1007,1,1,0,4432
722,224223826,1,25300.0,53,-1007,1,0,0,4480
723,224423832,2,25300.0,54,-1007,1,1,0,4480
724,224626404,1,25300.0,54,-1008,1,1,0,4432
725,224823827,1,25300.0,54,-1008,1,0,0,4480
726,225023825,1,25300.0,54,-1008,1,2,0,4480
727,225223933,2,25300.0,54,-1008,1,0,0,4432
728,225423843,1,25300.0,54,-1008,1,1,0,4480
729,225626439,1,25300.0,53,-1008,0,0,0,4432
730,225823729,1,25300.0,53,-1009,1,0,0,4432
731,226023653,1,25300.0,54,-1008,1,1,0,4480
732,226223730,2,25300.0,54,-1008,1,1,0,4480
733,226423666,1,25300.0,53,-1008,1,2,0,4432
734,226626368,1,25300.0,54,-1008,1,1,0,4480
735,226823663,1,25300.0,54,-1009,0,1,0,4432
736,227023727,1,25300.0,53,-1008,0,1,0,4480
737,227223711,2,25300.0,54,-1008,1,1,0,4480
738,227423670,1,25300.0,54,-1008,1,1,0,4480
739,227626390,1,25300.0,54,-1008,0,1,0,4480
740,229823715,2,25350.0,54,-1007,1,1,0,4480
741,230023639,1,25350.0,54,-1008,0,0,0,4432
742,230223700,2,25350.0,53,-1007,1,1,0,4480
743,230423647,1,25350.0,54,-1007,1,1,0,4480
744,230626415,1,25350.0,54,-1007,2,1,0,4480
745,230823688,1,25350.0,54,-1007,1,0,0,4480
746,231023649,1,25350.0,54,-1008,1,1,0,4480
747,231223724,2,25350.0,54,-1008,0,1,0,4480
748,231423642,1,25350.0,54,-1008,1,0,0,4480
749,231626421,1,25350.0,53,-1008,1,1,0,4480
750,231823699,1,25350.0,54,-1008,1,0,0,4480
751,232023685,1,25350.0,54,-1008,1,2,0,4432
752,232223697,2,25350.0,53,-1008,1,1,0,4432
753,232423705,1,25350.0,54,-1009,1,2,0,4480
754,232626377,1,25350.0,54,-1009,0,1,0,4480
755,232823708,1,25350.0,54,-1009,0,1,0,4480
756,233023733,1,25350.0,54,-1009,0,0,0,4480
757,233223724,2,25350.0,54,-1009,1,0,0,4480
758,233423638,2,25350.0,54,-1009,1,1,0,4480
759,233628707,2,25350.0,54,-1008,1,2,-1,4480
760,235823637,1,25400.0,54,-1007,1,1,0,4432
761,236023695,2,25400.0,54,-1008,1,1,0,4480
762,236223711,1,25400.0,54,-1008,1,1,0,4480
763,236423643,2,25400.0,54,-1008,2,1,0,4432
764,236626422,2,25400.0,54,-1008,0,2,0,4432
765,236823706,2,25400.0,54,-1007,1,1,0,4432
766,237023711,1,25400.0,53,-1008,1,1,0,4432
767,237223725,2,25400.0,54,-1008,1,1,0,4480
768,237423700,2,25400.0,53,-1008,1,0,0,4480
769,237626430,2,25400.0,54,-1007,1,1,0,4480
770,237823730,2,25400.0,54,-1007,1,1,0,4480
771,238023649,1,25400.0,54,-1007,0,1,0,4480
772,238223706,1,25400.0,54,-1007,0,1,0,4480
773,238423675,1,25400.0,54,-1008,1,1,1,4432
774,238626425,1,25400.0,53,-1007,1,0,0,4432
775,238823638,1,25400.0,54,-1007,0,0,0,4480
776,239023662,1,25400.0,54,-1008,0,0,0,4480
777,239223693,1,25400.0,54,-1008,1,0,0,4480
778,239423708,2,25400.0,54,-1008,1,1,0,4480
779,239626432,1,25400.0,54,-1008,1,1,0,4480
780,241823678,2,25450.0,54,-1008,1,1,0,4480
781,242023732,1,25450.0,54,-1008,1,1,0,4480
782,242223648,1,25450.0,53,-1008,0,0,0,4432
783,242423728,1,25450.0,54,-1007,1,1,0,4480
784,242626379,1,25450.0,54,-1008,0,0,0,4480
785,242823640,1,25450.0,53,-1008,1,0,0,4432
786,243023695,2,25450.0,54,-1008,1,1,0,4480
787,243223677,1,25450.0,54,-1008,1,0,0,4480
788,243423707,1,25450.0,54,-1008,1,1,0,4432
789,243626376,1,25450.0,54,-1008,1,2,0,4480
790,243823739,1,25450.0,54,-1007,1,0,0,4480
791,244023660,2,25450.0,54,-1008,1,0,0,4480
792,244223669,2,25450.0,54,-1008,0,1,0,4480
793,244423727,2,25450.0,54,-1008,0,1,0,4432
794,244626410,2,25450.0,54,-1008,1,1,0,4432
795,244823710,1,25450.0,53,-1007,1,1,0,4480
796,245023655,1,25450.0,53,-1008,0,1,0,4480
797,245223722,1,25450.0,54,-1008,1,0,0,4432
798,245423641,2,25450.0,54,-1008,1,0,0,4480
799,245626400,1,25450.0,53,-1008,1,1,1,4480
800,247823661,2,25500.0,53,-1007,1,0,0,4480
801,248023725,1,25500.0,54,-1007,1,0,0,4432
802,248223666,1,25500.0,54,-1008,1,1,0,4480
803,248423655,1,25500.0,54,-1008,0,1,0,4480
804,248626412,1,25500.0,54,-1008,1,1,0,4480
805,248823703,2,25500.0,53,-1008,0,1,0,4432
806,249023672,2,25500.0,54,-1008,1,1,0,4480
807,249223743,2,25500.0,54,-1008,1,1,0,4480
808,249423680,1,25500.0,54,-1008,1,1,0,4432
809,249626420,1,25500.0,54,-1008,0,1,0,4432
810,249823671,1,25500.0,53,-1008,1,1,0,4480
811,250023704,2,25500.0,53,-1008,1,1,0,4480
812,250223702,1,25500.0,53,-1008,0,0,0,4480
813,250423670,1,25500.0,54,-1008,1,1,0,4480
814,250626396,1,25500.0,54,-1008,1,1,0,4480
815,250823658,1,25500.0,54,-1008,1,0,1,4432
816,251023680,1,25500.0,54,-1008,1,1,0,4432
817,251223672,2,25500.0,54,-1008,0,1,0,4480
818,251423716,2,25500.0,54,-1007,0,1,0,4432
819,251626376,1,25500.0,54,-1009,1,1,0,4480
820,253823660,1,25550.0,54,-1008,1,1,0,4480
821,254023643,1,25550.0,54,-1008,1,1,0,4480
822,254223720,1,25550.0,53,-1008,1,0,0,4432
823,254423687,2,25550.0,54,-1008,1,1,0,4432
824,254626412,1,25550.0,54,-1008,1,1,0,4432
825,254823644,1,25550.0,53,-1008,1,1,0,4480
826,255023672,1,25550.0,54,-1009,1,0,0,4432
827,255223707,1,25550.0,54,-1008,0,1,0,4480
828,255423679,2,25550.0,53,-1008,1,0,0,4480
829,255626393,2,25550.0,53,-1008,1,1,0,4432
830,255823662,1,25550.0,53,-1008,1,1,0,4480
831,256023712,1,25550.0,54,-1008,1,1,0,4432
832,256223713,2,25550.0,53,-1008,1,1,0,4432
833,256423700,1,25550.0,53,-1008,0,1,0,4480
834,256626420,1,25550.0,53,-1008,1,1,0,4480
835,256823694,1,25550.0,54,-1007,1,1,0,4480
836,257023663,1,25550.0,54,-1008,0,0,0,4480
837,257223698,2,25550.0,54,-1007,1,1,0,4480
838,257423707,1,25550.0,54,-1008,1,1,0,4480
839,257626395,1,25550.0,54,-1008,0,1,0,4480
840,259823711,1,25600.0,53,-1008,1,1,0,4432
841,260023700,1,25600.0,54,-1008,1,1,1,4432
842,260223700,1,25600.0,54,-1007,1,1,0,4480
843,260423709,2,25600.0,54,-1007,1,1,0,4480
844,260626416,1,25600.0,54,-1007,1,1,0,4480
845,260823712,1,25600.0,54,-1007,0,0,0,4480
846,261023710,2,25600.0,54,-1007,0,1,0,4480
847,261223699,2,25600.0,53,-1007,1,0,0,4480
848,261423662,1,25600.0,53,-1008,0,1,0,4480
849,261626395,2,25600.0,54,-1008,0,1,0,4480
850,261823728,1,25600.0,54,-1008,1,1,0,4432
851,262023706,2,25600.0,54,-1008,1,1,0,4480
852,262223709,1,25600.0,54,-1008,1,1,0,4480
853,262423718,2,25600.0,53,-1008,0,0,0,4480
854,262626377,1,25600.0,54,-1008,1,1,0,4480
855,262823693,2,25600.0,54,-1008,0,0,0,4432
856,263023663,1,25600.0,54,-1008,1,1,0,4480
857,263223642,1,25600.0,53,-1009,0,1,0,4432
858,263423692,1,25600.0,54,-1009,0,0,1,4432
859,263626396,1,25600.0,53,-1009,2,0,0,4432
860,265823729,1,25650.0,54,-1008,1,1,0,4432
861,266023714,2,25650.0,54,-1007,1,1,0,4432
862,266223679,1,25650.0,54,-1007,1,1,0,4480
863,266423645,1,25650.0,54,-1007,0,1,0,4432
864,266626373,2,25650.0,54,-1007,1,1,0,4432
865,266823710,2,25650.0,54,-1008,1,0,0,4480
866,267023683,1,25650.0,54,-1007,1,1,0,4432
867,267223722,1,25650.0,54,-1007,1,1,0,4480
868,267423714,1,25650.0,53,-1007,1,0,0,4432
869,267626375,1,25650.0,54,-1007,1,1,0,4480
870,267823643,1,25650.0,54,-1008,0,1,0,4480
871,268023707,1,25650.0,54,-1007,0,1,0,4480
872,268223720,1,25650.0,53,-1008,1,0,0,4480
873,268423662,1,25650.0,54,-1008,1,1,0,4480
874,268626375,1,25650.0,54,-1008,0,1,0,4480
875,268823670,2,25650.0,54,-1008,0,0,0,4432
876,269023717,1,25650.0,54,-1008,1,1,0,4480
877,269223723,2,25650.0,54,-1008,0,1,0,4432
878,269423704,1,25650.0,54,-1008,0,0,0,4480
879,269626368,1,25650.0,53,-1009,1,1,0,4480
880,272023674,2,25700.0,53,-1008,1,1,0,4480
881,272223696,2,25700.0,53,-1008,0,1,0,4432
882,272423712,1,25700.0,54,-1008,0,1,0,4480
883,272626404,1,25700.0,53,-1008,1,1,0,4480
884,272823718,1,25700.0,54,-1008,1,0,0,4480
885,273023665,1,25700.0,53,-1008,0,1,0,4480
886,273223722,2,25700.0,53,-1008,1,1,0,4480
887,273423643,1,25700.0,54,-1008,0,1,0,4480
888,273626368,1,25700.0,53,-1009,0,1,0,4480
889,273823699,1,25700.0,53,-1008,1,1,0,4480
890,274023707,1,25700.0,53,-1008,0,1,0,4480
891,274223730,2,25700.0,53,-1009,1,1,0,4432
892,274423728,1,25700.0,54,-1008,1,1,0,4480
893,274626416,1,25700.0,54,-1009,1,1,0,4480
894,274823687,1,25700.0,53,-1009,1,1,0,4480
895,275023723,2,25700.0,53,-1008,1,0,0,4480
896,275223667,1,25700.0,54,-1008,1,1,0,4432
897,275423696,2,25700.0,54,-1008,1,1,0,4480
898,275626407,1,25700.0,54,-1007,1,1,0,4480
899,275823708,1,25700.0,54,-1007,1,1,0,4480
900,277823642,1,25750.0,54,-1009,0,1,0,4480
901,278023747,1,25750.0,54,-1008,0,0,0,4480
902,278223671,1,25750.0,54,-1008,1,0,1,4480
903,278423671,1,25750.0,54,-1008,0,1,0,4480
904,278626375,2,25750.0,53,-1008,0,1,0,4480
905,278823663,2,25750.0,54,-1008,0,1,0,4480
906,279023668,2,25750.0,54,-1008,1,0,0,4480
907,279223667,1,25750.0,54,-1008,2,1,0,4432
908,279423706,2,25750.0,53,-1007,0,1,0,4432
909,279626391,2,25750.0,53,-1008,1,1,0,4480
910,279823724,2,25750.0,54,-1008,1,1,0,4432
911,280023690,2,25750.0,54,-1008,1,1,0,4480
912,280223727,1,25750.0,53,-1008,1,1,0,4480
913,280423668,1,25750.0,54,-1008,0,0,0,4480
914,280626439,1,25750.0,54,-1008,1,1,0,4432
915,280823664,1,25750.0,53,-1008,0,0,0,4480
916,281023718,1,25750.0,53,-1008,0,1,0,4480
917,281223655,1,25750.0,54,-1008,1,1,0,4432
918,281423666,1,25750.0,54,-1009,1,1,0,4432
919,281626433,1,25750.0,54,-1008,0,0,0,4432
920,283823695,2,25800.0,53,-1007,1,0,0,4480
921,284023704,2,25800.0,54,-1007,0,1,0,4480
922,284223669,1,25800.0,53,-1008,1,2,0,4480
923,284423652,1,25800.0,54,-1007,1,1,0,4480
924,284628820,2,25800.0,54,-1008,0,1,0,4480
925,284823714,1,25800.0,53,-1008,1,1,0,4480
926,285023704,1,25800.0,54,-1008,1,1,0,4480
927,285223728,1,25800.0,54,-1008,1,0,0,4432
928,285423643,2,25800.0,54,-1008,1,2,0,4480
929,285626399,1,25800.0,54,-1008,1,1,0,4480
930,285823661,1,25800.0,53,-1008,2,0,0,4480
931,286023664,1,25800.0,54,-1009,1,1,0,4432
932,286223727,2,25800.0,54,-1008,0,0,0,4432
933,286423663,1,25800.0,53,-1008,1,1,0,4432
934,286626387,1,25800.0,54,-1008,1,1,0,4480
935,286823649,1,25800.0,54,-1008,0,0,0,4480
936,287023671,1,25800.0,54,-1007,0,0,0,4432
937,287223706,2,25800.0,54,-1007,1,1,0,4480
938,287423674,2,25800.0,54,-1007,1,1,0,4480
939,287626418,1,25800.0,54,-1007,0,0,0,4480
940,289823718,1,25850.0,54,-1009,1,1,0,4480
941,290023725,2,25850.0,53,-1009,1,1,0,4480
942,290223705,1,25850.0,54,-1009,0,1,0,4432
943,290423716,1,25850.0,54,-1008,0,1,0,4480
944,290626426,1,25850.0,54,-1008,1,0,0,4480
945,290823647,1,25850.0,54,-1009,1,1,0,4432
946,291023707,2,25850.0,54,-1009,0,0,0,4480
947,291223677,1,25850.0,54,-1008,0,1,0,4480
948,291423703,2,25850.0,54,-1008,1,1,0,4480
949,291626408,2,25850.0,53,-1008,1,0,0,4480
950,291823654,1,25850.0,53,-1008,0,0,0,4432
951,292023715,1,25850.0,54,-1008,1,1,0,4432
952,292223700,2,25850.0,54,-1008,1,0,0,4480
953,292423663,1,25850.0,53,-1007,1,1,0,4480
954,292626452,1,25850.0,53,-1008,0,0,0,4432
955,292823671,2,25850.0,54,-1008,1,0,0,4480
956,293023710,1,25850.0,53,-1007,1,0,0,4480
957,293223680,2,25850.0,54,-1007,1,2,0,4480
958,293423668,2,25850.0,53,-1007,1,1,0,4480
959,293626545,2,25850.0,54,-1007,1,1,0,4432
960,295823645,1,25900.0,54,-1007,2,1,0,4480
961,296023725,1,25900.0,54,-1008,0,1,0,4480
962,296223708,1,25900.0,54,-1008,1,1,0,4480
963,296423663,2,25900.0,54,-1008,1,1,0,4480
964,296626518,1,25900.0,54,-1008,1,2,0,4432
965,296823681,1,25900.0,54,-1008,1,1,0,4480
966,297023663,1,25900.0,54,-1007,1,0,0,4480
967,297223641,2,25900.0,53,-1008,1,1,0,4480
968,297423712,1,25900.0,54,-1008,1,1,0,4480
969,297626528,2,25900.0,54,-1007,0,1,0,4480
970,297823696,2,25900.0,54,-1008,1,0,0,4480
971,298023698,2,25900.0,53,-1007,1,1,0,4480
972,298223703,1,25900.0,54,-1008,1,0,0,4480
973,298423722,2,25900.0,54,-1007,1,1,0,4480
974,298626547,1,25900.0,54,-1009,1,1,1,4480
975,298823704,1,25900.0,54,-1008,0,0,0,4480
976,299023726,2,25900.0,54,-1008,1,1,0,4480
977,299223691,2,25900.0,54,-1008,1,1,0,4480
978,299423689,2,25900.0,54,-1008,1,0,0,4480
979,299626564,2,25900.0,54,-1008,1,0,0,4432
980,301823821,1,25950.0,54,-1007,0,1,0,4432
981,302023800,2,25950.0,53,-1008,1,0,1,4480
982,302223822,2,25950.0,54,-1008,1,1,0,4480
983,302423824,1,25950.0,53,-1007,1,1,0,4480
984,302628693,1,25950.0,54,-1008,0,0,0,4480
985,302823712,2,25950.0,54,-1007,0,0,1,4480
986,303023660,1,25950.0,53,-1008,0,1,0,4480
987,303223720,1,25950.0,53,-1008,1,1,0,4480
988,303423673,1,25950.0,54,-1007,1,2,0,4480
989,303626384,2,25950.0,54,-1007,1,1,0,4480
990,303823661,2,25950.0,54,-1007,1,0,0,4480
991,304023646,1,25950.0,54,-1007,1,0,0,4432
992,304223647,1,25950.0,54,-1008,1,0,0,4480
993,304423716,2,25950.0,53,-1008,0,0,0,4480
994,304626380,1,25950.0,53,-1008,0,0,0,4480
995,304823706,2,25950.0,54,-1008,1,0,0,4480
996,305023659,2,25950.0,54,-1008,1,1,0,4480
997,305223710,1,25950.0,53,-1008,0,1,0,4480
998,305423654,2,25950.0,53,-1008,0,0,0,4432
999,305626370,2,25950.0,54,-1008,1,1,0,4480
1000,307823719,1,26000.0,53,-1007,1,0,0,4432
1001,308023658,1,26000.0,53,-1008,1,1,0,4480
1002,308223673,1,26000.0,54,-1008,1,0,0,4480
1003,308423718,1,26000.0,53,-1008,0,1,0,4480
1004,308626404,1,26000.0,54,-1008,1,1,-1,4480
1005,308823711,1,26000.0,54,-1008,1,1,0,4480
1006,309023648,2,26000.0,54,-1008,0,0,0,4480
1007,309223653,1,26000.0,53,-1009,0,1,0,4480
1008,309423641,1,26000.0,54,-1008,1,1,0,4480
1009,309626345,1,26000.0,54,-1008,1,1,0,4480
1010,309823648,2,26000.0,54,-1008,2,1,0,4480
1011,310023663,1,26000.0,54,-1008,1,1,1,4480
1012,310223647,1,26000.0,53,-1008,1,0,0,4480
1013,310423679,1,26000.0,53,-1008,1,1,0,4480
1014,310626418,1,26000.0,53,-1008,1,0,0,4432
1015,310823660,2,26000.0,53,-1008,1,0,0,4480
1016,311023686,1,26000.0,54,-1008,1,0,0,4432
1017,311223663,2,26000.0,53,-1008,1,0,0,4432
1018,311423663,1,26000.0,54,-1008,1,1,0,4480
1019,311626431,2,26000.0,54,-1008,1,1,0,4480
1020,313823651,1,26050.0,53,-1007,0,1,0,4480
1021,314023683,1,26050.0,54,-1008,0,1,0,4480
1022,314223669,1,26050.0,54,-1008,1,0,0,4480
1023,314423718,1,26050.0,53,-1008,1,1,0,4480
1024,314626383,1,26050.0,53,-1008,1,1,0,4480
1025,314823643,2,26050.0,54,-1008,1,1,0,4480
1026,315023721,1,26050.0,54,-1008,1,0,0,4432
1027,315223680,1,26050.0,54,-1008,1,1,0,4480
1028,315423668,2,26050.0,54,-1008,1,0,0,4480
1029,315626374,1,26050.0,54,-1008,1,1,0,4480
1030,315823674,1,26050.0,54,-1009,0,0,0,4480
1031,316023643,2,26050.0,53,-1008,1,1,0,4480
1032,316223648,1,26050.0,54,-1008,1,0,0,4480
1033,316423665,2,26050.0,53,-1008,0,1,0,4480
1034,316626440,1,26050.0,54,-1008,1,0,0,4480
1035,316823659,1,26050.0,54,-1008,1,1,0,4480
1036,317023701,1,26050.0,54,-1008,1,1,0,4480
1037,317223659,1,26050.0,53,-1007,1,0,0,4432
1038,317423639,2,26050.0,53,-1008,0,0,0,4480
1039,317626409,1,26050.0,54,-1008,1,1,0,4432
1040,319823662,1,26100.0,54,-1008,1,1,0,4480
1041,320023693,1,26100.0,53,-1009,1,1,0,4480
1042,320223685,1,26100.0,54,-1008,0,1,0,4480
1043,320423690,1,26100.0,53,-1008,1,1,0,4480
1044,320626388,1,26100.0,53,-1008,1,1,0,4432
1045,320823686,2,26100.0,54,-1007,0,1,0,4480
1046,321023685,1,26100.0,54,-1008,0,1,0,4480
1047,321223705,1,26100.0,54,-1008,1,0,0,4480
1048,321423700,2,26100.0,53,-1008,1,0,0,4480
1049,321626395,1,26100.0,54,-1008,1,1,0,4480
1050,321823704,1,26100.0,54,-1008,1,0,0,4432
1051,322023706,2,26100.0,53,-1008,1,1,0,4432
1052,322223686,1,26100.0,53,-1008,1,1,0,4480
1053,322423687,1,26100.0,54,-1008,1,2,0,4480
1054,322626485,1,26100.0,54,-1008,0,1,0,4480
1055,322823670,1,26100.0,54,-1008,0,0,0,4432
1056,323023721,1,26100.0,53,-1008,1,1,0,4480
1057,323223718,1,26100.0,54,-1008,0,1,0,4480
1058,323423724,2,26100.0,54,-1008,0,1,0,4480
1059,323626458,1,26100.0,54,-1007,0,0,0,4432
1060,325823666,1,26150.0,53,-1008,1,1,0,4480
1061,326023693,1,26150.0,54,-1008,1,1,0,4432
1062,326223717,2,26150.0,54,-1008,0,1,0,4480
1063,326423708,1,26150.0,54,-1008,0,0,0,4480
1064,326626413,1,26150.0,53,-1009,1,1,0,4432
1065,326823642,1,26150.0,54,-1008,0,1,0,4480
1066,327023715,1,26150.0,54,-1008,1,1,0,4480
1067,327223673,1,26150.0,54,-1008,0,0,0,4480
1068,327423665,2,26150.0,54,-1008,1,0,0,4432
1069,327626392,2,26150.0,54,-1008,0,1,0,4432
1070,327823690,1,26150.0,54,-1008,0,1,0,4480
1071,328023708,2,26150.0,54,-1008,0,1,0,4480
1072,328223662,2,26150.0,54,-1008,2,1,0,4480
1073,328423711,1,26150.0,53,-1008,1,0,0,4432
1074,328626412,1,26150.0,53,-1008,1,1,0,4480
1075,328823676,1,26150.0,54,-1009,1,0,0,4432
1076,329023683,1,26150.0,54,-1007,1,1,0,4432
1077,329223730,1,26150.0,53,-1008,1,0,0,4480
1078,329423678,2,26150.0,53,-1008,1,0,0,4480
1079,329626409,2,26150.0,54,-1008,1,0,0,4480
1080,331823728,2,26200.0,54,-1008,1,1,0,4480
1081,332023674,2,26200.0,54,-1008,1,0,0,4480
1082,332223650,2,26200.0,53,-1007,1,1,0,4480
1083,332423675,1,26200.0,53,-1007,1,0,0,4432
1084,332626414,1,26200.0,54,-1007,1,0,0,4480
1085,332823641,1,26200.0,53,-1008,1,1,0,4432
1086,333023715,1,26200.0,53,-1008,1,0,0,4480
1087,333223646,1,26200.0,54,-1008,1,0,0,4432
1088,333423640,2,26200.0,53,-1008,1,2,1,4432
1089,333626379,2,26200.0,53,-1007,0,1,0,4432
1090,333823667,1,26200.0,53,-1007,1,0,0,4480
1091,334023667,2,26200.0,54,-1007,0,1,0,4432
1092,334223648,1,26200.0,53,-1007,0,1,0,4480
1093,334423743,1,26200.0,54,-1007,1,0,0,4480
1094,334626390,1,26200.0,53,-1007,1,1,0,4480
1095,334823644,2,26200.0,54,-1008,0,0,0,4432
1096,335023698,2,26200.0,54,-1008,1,0,0,4480
1097,335223640,1,26200.0,54,-1008,2,1,1,4480
1098,335423667,1,26200.0,54,-1008,1,1,0,4480
1099,335626421,1,26200.0,54,-1009,0,1,0,4480
1100,337823639,1,26250.0,54,-1009,0,1,0,4480
1101,338023697,1,26250.0,53,-1008,1,1,0,4480
1102,338223701,1,26250.0,54,-1008,1,1,0,4480
1103,338423718,1,26250.0,54,-1008,1,0,0,4480
1104,338626415,2,26250.0,53,-1008,0,0,0,4480
1105,338823641,2,26250.0,54,-1009,1,1,0,4480
1106,339023722,1,26250.0,54,-1008,1,1,0,4432
1107,339223659,1,26250.0,54,-1008,0,1,0,4480
1108,339423685,1,26250.0,54,-1008,0,1,0,4480
1109,339626398,2,26250.0,53,-1008,1,1,0,4480
1110,339823705,1,26250.0,53,-1008,1,1,0,4432
1111,340023716,2,26250.0,54,-1008,2,2,0,4480
1112,340223704,1,26250.0,54,-1008,0,1,0,4480
1113,340423722,1,26250.0,53,-1008,1,1,0,4480
1114,340626405,1,26250.0,53,-1007,1,0,0,4480
1115,340823666,1,26250.0,53,-1008,0,1,0,4480
1116,341023738,1,26250.0,54,-1007,2,0,0,4480
1117,341223696,2,26250.0,53,-1008,1,1,0,4480
1118,341423684,1,26250.0,54,-1007,1,0,0,4480
1119,341626396,1,26250.0,54,-1007,1,1,0,4480
1120,343823684,2,26300.0,54,-1009,1,1,0,4480
1121,344023667,2,26300.0,54,-1008,1,2,0,4480
1122,344223682,1,26300.0,54,-1009,1,0,0,4480
1123,344423713,2,26300.0,53,-1009,1,1,0,4480
1124,344626367,1,26300.0,54,-1009,1,1,0,4480
1125,344823644,1,26300.0,54,-1008,0,1,0,4480
1126,345023647,1,26300.0,54,-1008,1,1,0,4432
1127,345223674,1,26300.0,54,-1009,1,1,0,4480
1128,345423667,1,26300.0,54,-1008,1,1,0,4480
1129,345626374,1,26300.0,53,-1008,1,1,0,4480
1130,345823699,1,26300.0,54,-1008,1,1,0,4480
1131,346023698,1,26300.0,54,-1008,1,1,0,4480
1132,346223716,1,26300.0,53,-1008,0,0,0,4480
1133,346423682,2,26300.0,53,-1008,1,1,0,4432
1134,346626398,1,26300.0,53,-1008,2,1,0,4480
1135,346823663,2,26300.0,53,-1008,1,0,0,4432
1136,347023668,2,26300.0,54,-1008,1,1,0,4432
1137,347223672,1,26300.0,54,-1007,1,1,0,4480
1138,347423723,2,26300.0,54,-1008,0,1,0,4480
1139,347626420,2,26300.0,53,-1008,1,1,0,4480
1140,349823700,2,26350.0,54,-1008,1,1,0,4480
1141,350023679,2,26350.0,54,-1007,1,0,0,4480
1142,350223677,1,26350.0,54,-1008,1,1,0,4432
1143,350423669,1,26350.0,54,-1008,0,0,0,4480
1144,350626397,1,26350.0,54,-1008,1,1,0,4480
1145,350823717,1,26350.0,54,-1008,0,0,0,4480
1146,351023649,1,26350.0,53,-1008,1,1,0,4432
1147,351223652,1,26350.0,54,-1008,0,0,0,4480
1148,351423641,1,26350.0,54,-1008,1,1,0,4480
1149,351626400,1,26350.0,54,-1008,1,1,0,4480
1150,351823719,1,26350.0,53,-1008,2,1,0,4480
1151,352023703,2,26350.0,53,-1008,1,2,0,4432
1152,352223677,1,26350.0,53,-1007,1,0,0,4480
1153,352423689,1,26350.0,54,-1008,1,0,0,4480
1154,352626415,1,26350.0,54,-1008,1,0,0,4480
1155,352823716,1,26350.0,53,-1008,1,1,0,4480
1156,353023697,1,26350.0,53,-1008,0,1,0,4432
1157,353223692,1,26350.0,54,-1008,1,1,0,4480
1158,353423666,1,26350.0,54,-1008,1,1,0,4480
1159,353626407,1,26350.0,53,-1008,1,1,0,4480
1160,355823685,1,26400.0,54,-1008,0,1,0,4480
1161,356023662,1,26400.0,54,-1008,0,0,0,4432
1162,356223657,1,26400.0,53,-1008,1,1,0,4480
1163,356423710,1,26400.0,53,-1008,0,1,0,4480
1164,356626399,1,26400.0,54,-1008,1,0,0,4480
1165,356823703,1,26400.0,54,-1009,1,1,0,4480
1166,357023714,2,26400.0,54,-1008,1,1,0,4480
1167,357223653,2,26400.0,54,-1008,1,2,0,4480
1168,357423683,1,26400.0,54,-1008,0,1,0,4480
1169,357626371,1,26400.0,53,-1008,1,1,0,4480
1170,357823640,2,26400.0,54,-1008,2,1,0,4432
1171,358023706,1,26400.0,53,-1009,1,1,0,4432
1172,358223717,2,26400.0,53,-1008,0,1,0,4432
1173,358423696,2,26400.0,54,-1008,0,2,0,4480
1174,358626412,1,26400.0,53,-1008,1,1,0,4432
1175,358823690,1,26400.0,53,-1008,0,1,0,4480
1176,359023682,1,26400.0,54,-1008,1,1,1,4480
1177,359223719,2,26400.0,54,-1008,1,0,0,4480
1178,359423697,1,26400.0,54,-1008,1,1,0,4480
1179,359626450,1,26400.0,54,-1008,0,1,0,4480
1180,361823638,1,26450.0,54,-1007,1,2,1,4480
1181,362023712,1,26450.0,53,-1007,1,1,0,4480
1182,362223643,2,26450.0,53,-1007,1,1,0,4480
1183,362423662,1,26450.0,54,-1008,0,1,0,4480
1184,362626414,1,26450.0,54,-1007,0,1,0,4480
1185,362823717,1,26450.0,53,-1007,1,0,0,4480
1186,363023653,1,26450.0,54,-1008,0,0,0,4480
1187,363223646,2,26450.0,53,-1007,0,1,0,4480
1188,363423720,1,26450.0,54,-1007,0,1,0,4480
1189,363626627,2,26450.0,53,-1007,1,1,0,4480
1190,363823828,1,26450.0,54,-1007,0,0,0,4480
1191,364023828,2,26450.0,53,-1008,1,1,0,4480
1192,364223830,2,26450.0,54,-1007,1,1,0,4480
1193,364423838,1,26450.0,54,-1008,1,1,0,4480
1194,364626413,1,26450.0,54,-1008,1,1,0,4480
1195,364823826,2,26450.0,53,-1008,1,0,0,4480
1196,365023840,1,26450.0,54,-1009,1,1,0,4432
1197,365223836,1,26450.0,54,-1008,0,0,0,4480
1198,365423840,1,26450.0,53,-1008,1,0,0,4480
1199,365628692,1,26450.0,54,-1008,0,1,0,4480
1200,367823723,1,26500.0,54,-1010,1,1,0,4480
1201,368023685,1,26500.0,54,-1009,1,1,0,4480
1202,368223668,1,26500.0,54,-1009,2,1,0,4480
1203,368423651,1,26500.0,53,-1008,1,0,0,4480
1204,368628715,1,26500.0,53,-1008,1,1,0,4432
1205,368823660,1,26500.0,54,-1008,1,1,0,4432
1206,369023654,2,26500.0,54,-1008,1,1,0,4432
1207,369223650,2,26500.0,54,-1008,0,1,0,4480
1208,369423644,2,26500.0,54,-1008,1,0,0,4432
1209,369626461,2,26500.0,53,-1008,0,1,0,4432
1210,369823654,1,26500.0,54,-1008,1,1,0,4432
1211,370023668,1,26500.0,53,-1007,0,1,0,4480
1212,370223635,1,26500.0,54,-1008,0,0,0,4432
1213,370423671,2,26500.0,54,-1007,1,1,0,4480
1214,370626420,1,26500.0,53,-1008,1,1,0,4480
1215,370823726,1,26500.0,53,-1007,1,1,0,4480
1216,371023651,1,26500.0,54,-1007,1,1,0,4480
1217,371223674,1,26500.0,54,-1008,1,1,0,4480
1218,371423731,1,26500.0,54,-1007,0,2,0,4480
1219,371626385,2,26500.0,54,-1007,1,1,0,4480
1220,373823691,1,26550.0,54,-1007,1,0,0,4480
1221,374023733,1,26550.0,54,-1008,1,1,0,4480
1222,374223710,1,26550.0,54,-1008,1,1,0,4480
1223,374423718,1,26550.0,54,-1008,1,0,0,4480
1224,374626384,2,26550.0,53,-1008,0,1,0,4480
1225,374823646,2,26550.0,54,-1008,0,1,0,4480
1226,375023713,2,26550.0,54,-1009,2,2,0,4432
1227,375223721,2,26550.0,53,-1009,1,2,0,4480
1228,375423664,1,26550.0,53,-1008,0,1,0,4432
1229,375626415,1,26550.0,53,-1008,1,1,0,4480
1230,375823714,1,26550.0,54,-1008,1,1,0,4480
1231,376023662,1,26550.0,53,-1009,1,0,0,4480
1232,376223670,1,26550.0,54,-1008,1,0,0,4480
1233,376423719,1,26550.0,54,-1008,0,1,0,4480
1234,376626415,1,26550.0,53,-1007,0,0,0,4480
1235,376823712,1,26550.0,53,-1008,2,2,0,4480
1236,377023655,1,26550.0,54,-1008,1,1,0,4432
1237,377223671,1,26550.0,54,-1008,1,0,1,4480
1238,377423650,1,26550.0,53,-1009,1,0,0,4480
1239,377626373,2,26550.0,54,-1008,1,0,0,4432
1240,379823663,2,26600.0,53,-1008,0,1,0,4480
1241,380023682,1,26600.0,53,-1008,0,0,1,4480
1242,380223713,1,26600.0,54,-1007,0,1,0,4480
1243,380423704,2,26600.0,54,-1007,1,1,0,4480
1244,380626427,1,26600.0,54,-1007,0,1,0,4480
1245,380823707,1,26600.0,54,-1007,0,0,0,4480
1246,381023706,1,26600.0,54,-1007,0,1,0,4480
1247,381223682,2,26600.0,53,-1007,1,1,0,4480
1248,381423701,1,26600.0,54,-1007,1,2,0,4480
1249,381626385,1,26600.0,53,-1007,1,0,0,4480
1250,381823697,1,26600.0,54,-1007,1,0,0,4480
1251,382023706,1,26600.0,54,-1007,1,2,0,4480
1252,382223644,1,26600.0,54,-1007,1,1,0,4432
1253,382423669,1,26600.0,54,-1007,1,0,1,4480
1254,382626426,1,26600.0,54,-1007,1,1,0,4480
1255,382823640,2,26600.0,54,-1008,1,1,0,4480
1256,383023650,2,26600.0,53,-1007,1,1,0,4480
1257,383223708,2,26600.0,54,-1008,1,1,0,4480
1258,383423645,2,26600.0,54,-1008,1,1,0,4480
1259,383626419,1,26600.0,53,-1008,2,1,0,4480
1260,385823695,2,26650.0,53,-1008,2,0,0,4480
1261,386023722,1,26650.0,54,-1008,1,0,0,4480
1262,386223693,1,26650.0,53,-1008,0,1,1,4480
1263,386423651,2,26650.0,54,-1008,0,0,0,4480
1264,386626411,1,26650.0,54,-1009,0,1,0,4480
1265,386823703,1,26650.0,53,-1008,1,1,1,4480
1266,387023647,2,26650.0,53,-1009,0,1,0,4480
1267,387223639,1,26650.0,53,-1009,1,1,0,4480
1268,387423682,2,26650.0,53,-1009,1,0,0,4432
1269,387626381,1,26650.0,53,-1009,1,1,1,4480
1270,387823717,1,26650.0,54,-1009,1,1,0,4432
1271,388023643,2,26650.0,53,-1009,1,0,0,4432
1272,388223711,1,26650.0,53,-1008,1,1,0,4480
1273,388423682,1,26650.0,53,-1008,0,0,0,4432
1274,388626413,1,26650.0,54,-1008,1,1,0,4480
1275,388823703,2,26650.0,53,-1008,0,0,0,4432
1276,389023662,1,26650.0,54,-1009,2,1,0,4480
1277,389223716,2,26650.0,54,-1008,0,0,0,4432
1278,389423676,1,26650.0,54,-1008,1,1,0,4432
1279,389626363,2,26650.0,53,-1007,1,1,0,4480
1280,391823640,1,26700.0,54,-1007,1,1,0,4480
1281,392023705,1,26700.0,54,-1007,1,0,0,4480
1282,392223707,1,26700.0,54,-1008,0,1,0,4480
1283,392423661,2,26700.0,54,-1007,1,2,0,4432
1284,392626432,2,26700.0,53,-1007,1,1,0,4480
1285,392823664,2,26700.0,54,-1007,2,1,0,4480
1286,393023704,2,26700.0,53,-1008,1,1,0,4432
1287,393223703,2,26700.0,53,-1008,1,1,0,4480
1288,393423644,2,26700.0,54,-1009,1,1,0,4480
1289,393628847,1,26700.0,53,-1009,1,1,0,4432
1290,393823654,2,26700.0,53,-1009,1,1,0,4432
1291,394023664,2,26700.0,53,-1008,0,1,1,4432
1292,394223640,2,26700.0,54,-1009,0,0,0,4480
1293,394423700,1,26700.0,54,-1008,1,2,0,4480
1294,394626401,1,26700.0,53,-1008,1,1,1,4480
1295,394823672,1,26700.0,53,-1008,1,1,0,4480
1296,395023717,1,26700.0,53,-1008,0,1,0,4480
1297,395223649,2,26700.0,54,-1008,1,1,0,4480
1298,395423662,1,26700.0,54,-1008,0,0,0,4480
1299,395626369,2,26700.0,54,-1008,1,1,0,4480
1300,397823669,1,26750.0,54,-1008,0,1,0,4480
1301,398023647,1,26750.0,53,-1008,0,0,0,4432
1302,398223670,1,26750.0,53,-1008,1,0,0,4480
1303,398423638,1,26750.0,54,-1007,1,0,0,4480
1304,398626411,2,26750.0,53,-1007,1,0,0,4480
1305,398823714,1,26750.0,53,-1008,1,1,0,4480
1306,399023731,2,26750.0,54,-1008,0,2,0,4480
1307,399223721,1,26750.0,54,-1008,1,1,0,4480
1308,399423711,1,26750.0,53,-1008,1,1,0,4480
1309,399626509,1,26750.0,53,-1007,1,1,0,4480
1310,399823821,1,26750.0,53,-1007,1,1,0,4480
1311,400023836,1,26750.0,53,-1008,0,1,0,4480
1312,400223836,1,26750.0,53,-1008,1,1,0,4480
1313,400423837,2,26750.0,53,-1008,1,1,0,4480
1314,400626395,2,26750.0,53,-1008,1,1,1,4480
1315,400823836,1,26750.0,54,-1008,1,1,0,4480
1316,401023833,1,26750.0,54,-1008,0,0,0,4480
1317,401223845,1,26750.0,54,-1008,0,1,0,4480
1318,401423854,1,26750.0,53,-1008,1,0,0,4480
1319,401626401,2,26750.0,54,-1008,1,0,0,4480
1320,404023822,2,26800.0,54,-1008,1,0,0,4480
1321,404223825,2,26800.0,54,-1008,2,1,0,4480
1322,404423826,1,26800.0,54,-1008,1,1,0,4480
1323,404626387,1,26800.0,54,-1009,0,0,0,4480
1324,404823826,1,26800.0,53,-1009,0,0,0,4480
1325,405023800,2,26800.0,54,-1008,0,1,0,4480
1326,405223834,2,26800.0,53,-1008,0,1,0,4480
1327,405423805,1,26800.0,53,-1008,1,0,0,4480
1328,405626393,2,26800.0,54,-1008,1,1,0,4432
1329,405823848,1,26800.0,53,-1008,1,2,0,4480
1330,406023836,1,26800.0,53,-1008,0,1,0,4480
1331,406223833,2,26800.0,53,-1008,1,1,0,4480
1332,406423823,1,26800.0,53,-1008,1,1,0,4432
1333,406626444,1,26800.0,53,-1008,1,0,0,4480
1334,406823829,2,26800.0,53,-1008,1,1,1,4480
1335,407023832,1,26800.0,53,-1008,0,1,0,4480
1336,407223842,1,26800.0,54,-1008,0,0,0,4480
1337,407423829,2,26800.0,53,-1008,1,0,0,4480
1338,407626421,1,26800.0,53,-1009,1,1,0,4480
1339,407823821,1,26800.0,54,-1008,1,0,0,4480
1340,410023839,1,26850.0,54,-1008,1,1,0,4480
1341,410223800,1,26850.0,54,-1009,0,0,0,4480
1342,410423808,1,26850.0,54,-1008,1,1,0,4480
1343,410626370,1,26850.0,54,-1008,1,0,0,4432
1344,410823837,1,26850.0,54,-1008,1,2,0,4480
1345,411023828,2,26850.0,54,-1008,1,1,0,4480
1346,411223854,2,26850.0,54,-1008,1,1,0,4480
1347,411423833,1,26850.0,54,-1008,0,0,0,4480
1348,411626429,1,26850.0,53,-1008,0,0,0,4432
1349,411823841,2,26850.0,54,-1009,0,1,0,4480
1350,412023826,2,26850.0,54,-1009,1,0,0,4480
1351,412223830,1,26850.0,53,-1008,0,0,0,4480
1352,412423843,1,26850.0,54,-1008,0,1,0,4480
1353,412626383,1,26850.0,54,-1009,0,1,0,4480
1354,412823834,2,26850.0,54,-1009,0,0,0,4480
1355,413023834,1,26850.0,54,-1009,1,1,0,4480
1356,413223836,2,26850.0,53,-1009,1,1,0,4480
1357,413423835,1,26850.0,53,-1009,0,1,0,4480
1358,413626413,1,26850.0,53,-1009,1,1,0,4480
1359,413823830,1,26850.0,53,-1008,0,1,0,4480
1360,416023843,1,26900.0,53,-1008,1,1,0,4432
1361,416223831,1,26900.0,53,-1007,0,1,0,4480
1362,416423862,1,26900.0,54,-1008,1,0,0,4480
1363,416628681,1,26900.0,54,-1008,0,1,0,4480
1364,416823843,1,26900.0,53,-1008,1,1,0,4432
1365,417023837,2,26900.0,53,-1008,0,0,0,4480
1366,417223861,1,26900.0,54,-1009,1,2,0,4480
1367,417423837,2,26900.0,54,-1008,0,1,0,4480
1368,417628622,2,26900.0,53,-1008,1,1,0,4480
1369,417823808,2,26900.0,54,-1008,1,1,0,4480
1370,418023826,2,26900.0,54,-1008,1,1,0,4480
1371,418223859,2,26900.0,54,-1008,1,0,0,4480
1372,418423841,1,26900.0,54,-1008,0,1,0,4480
1373,418626393,2,26900.0,54,-1008,1,2,0,4480
1374,418823858,2,26900.0,54,-1008,0,1,0,4480
1375,419023819,2,26900.0,54,-1008,1,1,0,4480
1376,419223851,1,26900.0,53,-1008,0,2,0,4480
1377,419423837,1,26900.0,53,-1008,1,1,0,4480
1378,419626424,1,26900.0,53,-1008,0,1,0,4480
1379,419823836,1,26900.0,54,-1008,1,1,0,4480
1380,422023832,2,26950.0,53,-1007,1,1,0,4480
1381,422223813,1,26950.0,53,-1008,1,1,0,4480
1382,422423830,2,26950.0,54,-1009,0,1,0,4480
1383,422626429,1,26950.0,53,-1008,2,1,0,4480
1384,422823837,2,26950.0,54,-1008,2,1,0,4480
1385,423023866,2,26950.0,54,-1009,2,1,0,4480
1386,423223833,1,26950.0,54,-1008,1,1,0,4480
1387,423423824,2,26950.0,53,-1009,1,1,0,4480
1388,423626394,1,26950.0,54,-1008,0,1,0,4480
1389,423823853,1,26950.0,54,-1009,0,1,0,4480
1390,424023824,2,26950.0,54,-1009,1,1,0,4480
1391,424223833,2,26950.0,53,-1009,1,0,0,4480
1392,424423853,2,26950.0,53,-1008,1,1,0,4480
1393,424626421,1,26950.0,54,-1008,0,0,0,4480
1394,424823846,2,26950.0,53,-1008,0,2,0,4480
1395,425023829,2,26950.0,53,-1009,2,0,0,4480
1396,425223837,1,26950.0,54,-1009,0,1,0,4480
1397,425423828,1,26950.0,54,-1009,0,1,0,4432
1398,425628665,1,26950.0,54,-1009,1,1,0,4480
1399,425823844,1,26950.0,54,-1009,1,1,0,4480
1400,427823825,1,27000.0,54,-1007,1,1,0,4480
1401,428023824,1,27000.0,54,-1007,1,1,0,4480
1402,428223833,2,27000.0,53,-1007,0,1,0,4480
1403,428423841,1,27000.0,53,-1008,1,1,0,4480
1404,428626509,2,27000.0,53,-1008,1,1,0,4480
1405,428823834,2,27000.0,53,-1007,1,1,0,4432
1406,429023840,1,27000.0,53,-1007,2,1,0,4480
1407,429223824,1,27000.0,54,-1008,1,1,0,4480
1408,429423832,1,27000.0,54,-1008,1,1,0,4432
1409,429628647,1,27000.0,53,-1008,1,1,0,4480
1410,429823800,1,27000.0,53,-1008,0,0,0,4480
1411,430023823,1,27000.0,54,-1008,1,1,0,4480
1412,430223857,1,27000.0,54,-1008,1,1,0,4480
1413,430423828,1,27000.0,53,-1009,1,1,0,4480
1414,430626465,2,27000.0,54,-1008,1,0,0,4480
1415,430823858,2,27000.0,54,-1008,1,1,0,4480
1416,431023843,1,27000.0,53,-1008,1,1,0,4480
1417,431223838,2,27000.0,54,-1009,0,1,0,4480
1418,431423842,2,27000.0,54,-1008,0,1,0,4480
1419,431626423,1,27000.0,53,-1008,1,0,0,4480
1420,433823649,1,27050.0,54,-1008,1,1,0,4480
1421,434023711,1,27050.0,54,-1008,1,0,0,4480
1422,434223721,1,27050.0,53,-1008,0,1,0,4480
1423,434423684,1,27050.0,54,-1008,2,1,0,4480
1424,434626421,1,27050.0,53,-1008,0,1,0,4480
1425,434823710,2,27050.0,53,-1007,1,1,0,4480
1426,435023672,1,27050.0,54,-1007,1,1,0,4480
1427,435223672,1,27050.0,53,-1008,0,1,0,4480
1428,435423702,1,27050.0,53,-1007,1,0,0,4480
1429,435626425,1,27050.0,54,-1008,1,1,0,4480
1430,435823718,1,27050.0,53,-1008,2,1,0,4480
1431,436023716,1,27050.0,54,-1008,0,1,0,4480
1432,436223659,1,27050.0,54,-1008,0,1,0,4480
1433,436423673,2,27050.0,53,-1008,1,1,0,4480
1434,436626384,1,27050.0,54,-1008,1,2,0,4480
1435,436823663,1,27050.0,53,-1008,0,1,0,4480
1436,437023674,1,27050.0,53,-1008,1,2,0,4480
1437,437223694,2,27050.0,54,-1008,0,0,0,4480
1438,437423677,1,27050.0,53,-1008,1,1,0,4480
1439,437626377,2,27050.0,53,-1008,0,1,0,4480
1440,439823642,1,27100.0,54,-1009,1,1,0,4480
1441,440023728,2,27100.0,53,-1008,1,1,0,4480
1442,440223716,1,27100.0,53,-1008,1,0,0,4480
1443,440423662,1,27100.0,53,-1007,1,0,0,4480
1444,440626409,1,27100.0,53,-1008,1,1,0,4432
1445,440823672,2,27100.0,53,-1007,1,1,0,4480
1446,441023710,2,27100.0,53,-1007,1,1,0,4480
1447,441223705,1,27100.0,53,-1007,1,1,0,4480
1448,441423722,1,27100.0,53,-1008,0,1,0,4480
1449,441626418,1,27100.0,53,-1007,1,1,0,4480
1450,441823722,2,27100.0,54,-1008,1,1,0,4480
1451,442023711,1,27100.0,54,-1007,1,1,0,4432
1452,442223658,2,27100.0,53,-1008,0,0,0,4480
1453,442423707,1,27100.0,53,-1008,1,1,0,4480
1454,442626377,1,27100.0,53,-1008,1,1,0,4480
1455,442823652,2,27100.0,54,-1008,0,1,0,4480
1456,443023639,2,27100.0,53,-1008,1,1,0,4480
1457,443223649,1,27100.0,53,-1008,0,0,0,4480
1458,443423663,2,27100.0,54,-1008,1,1,0,4480
1459,443626383,1,27100.0,53,-1008,1,2,0,4480
1460,445823684,2,27150.0,53,-1008,1,1,0,4432
1461,446023682,1,27150.0,54,-1008,1,1,0,4480
1462,446223694,1,27150.0,53,-1009,1,2,0,4480
1463,446423688,1,27150.0,53,-1007,0,1,0,4480
1464,446626406,1,27150.0,54,-1008,1,0,0,4480
1465,446823706,1,27150.0,54,-1008,1,1,0,4480
1466,447023681,1,27150.0,53,-1007,0,1,0,4480
1467,447223754,1,27150.0,53,-1008,1,1,0,4432
1468,447423709,1,27150.0,54,-1007,1,1,0,4480
1469,447626442,1,27150.0,54,-1008,0,1,0,4480
1470,447823644,1,27150.0,54,-1008,0,1,0,4432
1471,448023672,2,27150.0,54,-1008,1,1,0,4480
1472,448223647,1,27150.0,54,-1008,1,1,0,4480
1473,448423634,1,27150.0,53,-1007,1,0,1,4480
1474,448626437,1,27150.0,54,-1008,1,1,0,4480
1475,448823711,2,27150.0,53,-1008,1,1,0,4480
1476,449023710,2,27150.0,53,-1007,2,1,0,4480
1477,449223692,1,27150.0,54,-1007,0,0,1,4480
1478,449423697,2,27150.0,54,-1008,1,1,0,4480
1479,449626435,1,27150.0,54,-1007,1,1,0,4480
1480,451823708,1,27200.0,54,-1008,0,0,0,4480
1481,452023723,2,27200.0,53,-1009,1,1,0,4480
1482,452223722,1,27200.0,54,-1008,0,1,0,4480
1483,452423712,1,27200.0,54,-1010,0,1,0,4432
1484,452626394,2,27200.0,54,-1009,2,1,0,4432
1485,452823683,1,27200.0,53,-1008,0,1,0,4480
1486,453023634,1,27200.0,54,-1009,1,1,-1,4432
1487,453223682,1,27200.0,53,-1009,1,1,0,4480
1488,453423662,1,27200.0,54,-1009,0,1,0,4480
1489,453626407,1,27200.0,54,-1009,1,1,0,4480
1490,453823711,1,27200.0,54,-1009,1,2,0,4480
1491,454023663,1,27200.0,53,-1009,1,1,0,4480
1492,454223717,1,27200.0,54,-1009,1,1,0,4480
1493,454423688,1,27200.0,54,-1009,1,0,0,4480
1494,454626434,1,27200.0,54,-1009,1,1,0,4480
1495,454823678,1,27200.0,53,-1008,0,1,0,4432
1496,455023667,1,27200.0,54,-1010,1,1,1,4480
1497,455223672,2,27200.0,54,-1009,1,0,0,4480
1498,455423639,1,27200.0,54,-1009,0,0,0,4480
1499,455626388,1,27200.0,53,-1009,0,0,1,4432
1500,457823672,2,27250.0,54,-1007,1,1,0,4480
1501,458023705,2,27250.0,54,-1007,1,1,0,4480
1502,458223723,1,27250.0,54,-1007,1,1,0,4480
1503,458423698,1,27250.0,54,-1007,1,1,0,4480
1504,458626381,1,27250.0,54,-1007,1,1,0,4480
1505,458823676,1,27250.0,53,-1008,1,2,0,4480
1506,459023705,1,27250.0,54,-1007,1,0,0,4480
1507,459223664,2,27250.0,54,-1008,1,1,0,4480
1508,459423660,2,27250.0,53,-1008,2,2,0,4432
1509,459626394,1,27250.0,53,-1008,2,1,0,4480
1510,459823732,2,27250.0,53,-1008,1,1,0,4480
1511,460023662,2,27250.0,54,-1009,0,0,0,4480
1512,460223673,1,27250.0,54,-1008,1,1,0,4480
1513,460423712,2,27250.0,54,-1008,0,1,0,4480
1514,460626368,2,27250.0,53,-1009,1,1,0,4480
1515,460823662,1,27250.0,54,-1009,1,0,0,4480
1516,461023660,1,27250.0,53,-1009,1,1,0,4480
1517,461223652,2,27250.0,53,-1008,1,0,0,4480
1518,461423656,1,27250.0,54,-1009,1,1,0,4432
1519,461626424,2,27250.0,54,-1009,1,0,0,4480
1520,463823707,2,27300.0,54,-1008,1,0,0,4480
1521,464023681,2,27300.0,53,-1008,1,1,0,4480
1522,464223704,1,27300.0,53,-1008,1,1,0,4480
1523,464423674,1,27300.0,53,-1008,1,1,0,4480
1524,464626412,2,27300.0,53,-1007,1,1,0,4480
1525,464823712,1,27300.0,53,-1008,1,1,0,4480
1526,465023642,2,27300.0,53,-1008,0,0,0,4480
1527,465223678,1,27300.0,54,-1008,1,2,0,4480
1528,465423694,1,27300.0,54,-1008,1,0,1,4480
1529,465626384,1,27300.0,53,-1008,1,1,0,4480
1530,465823662,1,27300.0,53,-1008,1,1,0,4480
1531,466023636,1,27300.0,53,-1008,1,1,0,4480
1532,466223674,1,27300.0,54,-1008,0,1,0,4480
1533,466423700,1,27300.0,54,-1008,1,1,0,4480
1534,466626381,2,27300.0,54,-1008,0,1,0,4480
1535,466823706,1,27300.0,54,-1008,0,1,0,4480
1536,467023686,1,27300.0,54,-1008,1,0,0,4480
1537,467223646,1,27300.0,54,-1008,0,1,0,4480
1538,467423675,1,27300.0,53,-1008,1,0,0,4480
1539,467626386,2,27300.0,53,-1008,1,1,0,4480
1540,469823722,1,27350.0,53,-1008,1,1,0,4480
1541,470023665,1,27350.0,53,-1008,1,1,0,4480
1542,470223662,2,27350.0,54,-1008,1,1,1,4480
1543,470423699,1,27350.0,54,-1009,1,0,0,4432
1544,470626345,1,27350.0,54,-1009,0,1,0,4480
1545,470823675,1,27350.0,53,-1009,1,1,0,4480
1546,471023727,2,27350.0,53,-1009,0,1,0,4480
1547,471223666,2,27350.0,53,-1008,1,1,0,4480
1548,471423635,2,27350.0,54,-1008,1,1,0,4480
1549,471626372,1,27350.0,54,-1009,1,0,0,4480
1550,471823716,1,27350.0,53,-1009,1,0,0,4480
1551,472023705,1,27350.0,54,-1009,1,1,0,4480
1552,472223694,1,27350.0,54,-1008,1,0,0,4432
1553,472423720,2,27350.0,54,-1008,1,1,0,4432
1554,472626408,2,27350.0,54,-1008,0,1,0,4480
1555,472823683,2,27350.0,54,-1009,0,0,0,4480
1556,473023694,2,27350.0,54,-1008,1,1,0,4480
1557,473223714,1,27350.0,53,-1008,1,1,0,4432
1558,473423715,2,27350.0,54,-1008,1,1,0,4432
1559,473626380,2,27350.0,53,-1008,1,1,1,4480
1560,475823646,1,27400.0,53,-1007,1,1,1,4480
1561,476023715,1,27400.0,54,-1008,1,1,0,4432
1562,476223683,1,27400.0,53,-1009,1,0,0,4432
1563,476423638,2,27400.0,54,-1009,1,1,0,4480
1564,476626429,1,27400.0,53,-1008,2,2,0,4480
1565,476823710,2,27400.0,54,-1009,1,1,0,4480
1566,477023702,1,27400.0,53,-1009,1,1,0,4432
1567,477223725,2,27400.0,53,-1009,1,1,0,4480
1568,477423708,2,27400.0,53,-1009,0,0,0,4480
1569,477628900,1,27400.0,54,-1008,1,0,0,4432
1570,477823717,1,27400.0,53,-1008,0,1,0,4480
1571,478023698,2,27400.0,53,-1009,1,1,0,4480
1572,478223711,1,27400.0,53,-1009,2,1,0,4480
1573,478423707,1,27400.0,54,-1009,1,1,0,4480
1574,478626428,1,27400.0,54,-1008,1,1,0,4480
1575,478823717,1,27400.0,54,-1008,1,1,0,4480
1576,479023720,1,27400.0,53,-1008,2,1,0,4480
1577,479223705,2,27400.0,53,-1007,1,1,0,4480
1578,479423713,2,27400.0,53,-1008,2,0,0,4480
1579,479626460,1,27400.0,53,-1008,1,0,0,4480
1580,481823675,1,27450.0,53,-1008,0,1,0,4480
1581,482023698,1,27450.0,54,-1007,1,0,0,4480
1582,482223698,2,27450.0,53,-1008,0,0,0,4480
1583,482423662,2,27450.0,53,-1007,0,0,0,4480
1584,482626448,2,27450.0,54,-1008,1,0,0,4480
1585,482823682,1,27450.0,53,-1007,1,0,0,4480
1586,483023664,1,27450.0,53,-1008,0,0,0,4480
1587,483223664,1,27450.0,54,-1009,1,0,0,4480
1588,483423723,1,27450.0,53,-1008,1,0,0,4480
1589,483626447,1,27450.0,54,-1008,1,0,0,4480
1590,483823665,1,27450.0,53,-1007,1,1,0,4480
1591,484023636,1,27450.0,53,-1009,2,1,0,4480
1592,484223654,1,27450.0,54,-1009,1,1,0,4480
1593,484423660,1,27450.0,53,-1008,1,1,0,4480
1594,484626394,1,27450.0,53,-1008,1,0,0,4480
1595,484823672,2,27450.0,54,-1008,1,1,0,4480
1596,485023702,1,27450.0,53,-1008,1,1,0,4480
1597,485223645,2,27450.0,53,-1008,1,1,1,4480
1598,485423708,2,27450.0,53,-1008,0,1,1,4480
1599,485626365,1,27450.0,53,-1009,1,1,0,4480
1600,487823678,2,27500.0,54,-1008,0,0,0,4480
1601,488023708,1,27500.0,54,-1008,1,1,0,4480
1602,488223658,1,27500.0,54,-1008,0,2,0,4480
1603,488423640,2,27500.0,53,-1008,1,1,0,4480
1604,488626378,1,27500.0,53,-1008,1,2,0,4480
1605,488823668,1,27500.0,54,-1008,1,1,0,4432
1606,489023667,1,27500.0,54,-1008,1,1,0,4480
1607,489223695,1,27500.0,53,-1008,1,1,0,4480
1608,489423709,2,27500.0,54,-1008,1,1,0,4480
1609,489626710,1,27500.0,53,-1008,1,1,0,4480
1610,489823664,1,27500.0,54,-1008,1,1,0,4480
1611,490023713,1,27500.0,54,-1008,0,0,0,4480
1612,490223727,2,27500.0,54,-1008,1,0,0,4480
1613,490423741,1,27500.0,53,-1008,1,1,0,4480
1614,490628724,1,27500.0,54,-1007,1,1,0,4480
1615,490823663,2,27500.0,53,-1008,1,0,0,4480
1616,491023703,1,27500.0,54,-1008,1,1,0,4480
1617,491223663,2,27500.0,54,-1008,1,0,0,4480
1618,491423673,1,27500.0,54,-1008,1,1,0,4480
1619,491628720,2,27500.0,54,-1008,1,0,0,4480
1620,493823707,1,27550.0,53,-1008,0,1,0,4480
1621,494023720,1,27550.0,53,-1008,0,1,0,4480
1622,494223689,1,27550.0,53,-1008,1,1,0,4480
1623,494423641,1,27550.0,54,-1007,1,1,0,4480
1624,494626526,1,27550.0,53,-1008,1,1,0,4480
1625,494823669,1,27550.0,54,-1007,1,1,0,4480
1626,495023668,1,27550.0,53,-1007,1,1,0,4480
1627,495223665,2,27550.0,54,-1008,1,1,0,4480
1628,495423709,1,27550.0,53,-1007,0,0,0,4480
1629,495628622,2,27550.0,54,-1008,1,1,0,4480
1630,495823719,1,27550.0,53,-1008,1,1,0,4480
1631,496023658,2,27550.0,53,-1008,1,1,0,4480
1632,496223655,1,27550.0,53,-1008,2,1,0,4480
1633,496423657,2,27550.0,53,-1009,1,1,0,4480
1634,496626537,2,27550.0,53,-1008,1,1,0,4480
1635,496823651,2,27550.0,54,-1008,1,0,0,4480
1636,497023649,1,27550.0,54,-1008,1,0,0,4480
1637,497223719,1,27550.0,54,-1007,1,1,0,4480
1638,497423667,2,27550.0,53,-1007,1,1,0,4480
1639,497626531,1,27550.0,54,-1008,0,0,0,4480
1640,499823715,1,27600.0,53,-1009,1,0,0,4480
1641,500023676,2,27600.0,54,-1008,1,0,0,4480
1642,500223641,1,27600.0,54,-1008,1,0,0,4480
1643,500423644,1,27600.0,53,-1009,1,1,0,4432
1644,500626530,1,27600.0,53,-1009,1,1,0,4480
1645,500823704,1,27600.0,54,-1008,1,0,0,4480
1646,501023642,2,27600.0,53,-1008,0,1,0,4480
1647,501223719,1,27600.0,53,-1009,1,1,0,4480
1648,501423638,1,27600.0,53,-1008,1,1,0,4480
1649,501628674,2,27600.0,53,-1009,1,1,0,4480
1650,501823679,2,27600.0,54,-1008,1,1,0,4432
1651,502023645,1,27600.0,53,-1009,1,1,0,4480
1652,502223674,2,27600.0,53,-1009,2,2,0,4480
1653,502423678,2,27600.0,54,-1008,1,1,0,4432
1654,502626535,2,27600.0,54,-1008,1,0,0,4480
1655,502823666,2,27600.0,53,-1008,1,0,0,4480
1656,503023655,2,27600.0,54,-1008,0,1,0,4480
1657,503223715,2,27600.0,53,-1008,1,1,0,4480
1658,503423706,2,27600.0,54,-1008,1,1,1,4480
1659,503628693,1,27600.0,54,-1008,1,1,0,4480
1660,505823933,1,27650.0,54,-1008,0,1,0,4480
1661,506023831,1,27650.0,54,-1008,1,1,0,4480
1662,506223835,1,27650.0,53,-1008,0,0,0,4480
1663,506423910,1,27650.0,53,-1008,0,0,0,4480
1664,506628651,1,27650.0,53,-1008,0,1,0,4480
1665,506823830,1,27650.0,53,-1008,0,0,0,4480
1666,507023916,2,27650.0,53,-1008,1,0,0,4480
1667,507223844,2,27650.0,53,-1007,1,1,0,4480
1668,507423804,2,27650.0,54,-1008,1,1,0,4480
1669,507626469,2,27650.0,54,-1007,1,1,0,4480
1670,507823842,1,27650.0,54,-1008,0,0,0,4480
1671,508023829,2,27650.0,54,-1008,1,1,1,4480
1672,508223937,1,27650.0,54,-1008,1,1,0,4480
1673,508423843,1,27650.0,54,-1007,1,0,0,4480
1674,508626400,2,27650.0,53,-1007,1,0,0,4480
1675,508823935,1,27650.0,53,-1007,1,0,0,4480
1676,509023830,1,27650.0,54,-1007,1,1,0,4480
1677,509223826,1,27650.0,54,-1007,0,1,0,4480
1678,509423941,1,27650.0,54,-1007,1,0,0,4480
1679,509626447,1,27650.0,53,-1008,1,0,0,4480
1680,511823926,1,27700.0,53,-1009,1,1,0,4480
1681,512023876,1,27700.0,54,-1008,0,1,0,4480
1682,512223845,1,27700.0,54,-1008,1,1,0,4480
1683,512423900,1,27700.0,53,-1008,1,1,1,4480
1684,512628669,1,27700.0,54,-1008,0,0,0,4480
1685,512823829,2,27700.0,54,-1008,1,0,0,4480
1686,513023969,2,27700.0,53,-1008,1,0,0,4480
1687,513223833,1,27700.0,54,-1008,1,1,0,4480
1688,513423839,1,27700.0,53,-1009,1,1,0,4480
1689,513628707,1,27700.0,54,-1008,0,1,0,4480
1690,513823840,2,27700.0,53,-1008,2,2,0,4480
1691,514023818,2,27700.0,54,-1008,0,0,0,4480
1692,514223922,1,27700.0,54,-1008,1,0,0,4480
1693,514423824,1,27700.0,54,-1008,2,0,0,4432
1694,514628649,1,27700.0,53,-1009,0,0,0,4480
1695,514823916,2,27700.0,54,-1009,1,0,0,4480
1696,515023812,1,27700.0,53,-1009,1,1,0,4480
1697,515223841,1,27700.0,53,-1009,1,1,0,4480
1698,515423912,1,27700.0,53,-1009,0,1,0,4480
1699,515626465,2,27700.0,54,-1008,1,1,0,4480
1700,517823908,2,27750.0,53,-1008,1,2,0,4480
1701,518023831,1,27750.0,53,-1008,1,1,0,4480
1702,518223848,2,27750.0,53,-1008,0,1,0,4480
1703,518423891,2,27750.0,53,-1008,0,0,0,4480
1704,518626423,2,27750.0,54,-1009,1,1,0,4432
1705,518823831,2,27750.0,53,-1008,1,1,0,4480
1706,519023913,1,27750.0,54,-1008,1,0,0,4480
1707,519223853,2,27750.0,53,-1009,1,1,0,4480
1708,519423840,1,27750.0,53,-1009,1,1,0,4480
1709,519626422,2,27750.0,53,-1009,1,1,0,4480
1710,519823824,1,27750.0,53,-1008,0,1,0,4480
1711,520023832,1,27750.0,53,-1009,1,1,0,4480
1712,520223944,2,27750.0,54,-1008,2,1,0,4480
1713,520423835,2,27750.0,53,-1009,1,1,0,4480
1714,520626460,2,27750.0,54,-1009,1,1,0,4480
1715,520823904,2,27750.0,53,-1008,1,0,0,4480
1716,521023845,2,27750.0,54,-1008,0,1,0,4480
1717,521223828,1,27750.0,53,-1008,0,0,0,4480
1718,521423937,1,27750.0,53,-1008,0,1,0,4480
1719,521626404,1,27750.0,54,-1008,0,1,1,4480
1720,523823906,2,27800.0,54,-1007,1,1,0,4480
1721,524023856,1,27800.0,53,-1008,1,1,0,4480
1722,524223830,2,27800.0,53,-1007,1,1,0,4480
1723,524423908,1,27800.0,53,-1008,1,2,0,4480
1724,524626418,2,27800.0,53,-1007,1,1,0,4480
1725,524823833,2,27800.0,53,-1008,1,0,0,4480
1726,525023923,2,27800.0,53,-1008,1,0,0,4528
1727,525223837,2,27800.0,53,-1008,1,1,0,4480
1728,525423825,1,27800.0,54,-1009,1,1,0,4480
1729,525626409,2,27800.0,54,-1008,1,2,0,4480
1730,525823825,1,27800.0,53,-1009,0,1,0,4480
1731,526023821,2,27800.0,53,-1008,1,0,0,4528
1732,526223915,2,27800.0,53,-1008,1,1,0,4480
1733,526423843,2,27800.0,54,-1008,0,1,0,4480
1734,526626434,2,27800.0,54,-1008,0,1,1,4480
1735,526823894,1,27800.0,54,-1008,1,1,0,4480
1736,527023836,2,27800.0,53,-1009,1,1,1,4480
1737,527223829,1,27800.0,53,-1008,2,1,0,4480
1738,527423890,1,27800.0,53,-1008,0,1,0,4480
1739,527626371,1,27800.0,53,-1009,1,1,0,4480
1740,529823922,1,27850.0,54,-1008,0,0,0,4480
1741,530023848,1,27850.0,53,-1008,1,0,0,4480
1742,530223810,2,27850.0,53,-1009,1,1,0,4480
1743,530423965,1,27850.0,53,-1009,1,0,0,4480
1744,530626420,2,27850.0,53,-1008,1,0,0,4480
1745,530823807,2,27850.0,53,-1008,1,1,0,4480
1746,531023917,2,27850.0,54,-1009,1,1,0,4480
1747,531223831,2,27850.0,54,-1008,1,1,0,4480
1748,531423831,1,27850.0,53,-1008,1,0,0,4480
1749,531626397,2,27850.0,54,-1008,1,1,0,4480
1750,531823859,2,27850.0,54,-1008,1,1,0,4480
1751,532023842,1,27850.0,53,-1008,1,1,0,4480
1752,532223914,2,27850.0,54,-1008,1,1,0,4480
1753,532423854,2,27850.0,54,-1008,1,0,0,4480
1754,532628709,2,27850.0,54,-1008,0,1,0,4432
1755,532823938,1,27850.0,53,-1008,0,0,0,4480
1756,533023802,1,27850.0,53,-1008,0,0,0,4480
1757,533223828,1,27850.0,54,-1009,1,0,0,4432
1758,533423928,2,27850.0,54,-1008,1,1,0,4480
1759,533628631,1,27850.0,53,-1008,1,1,0,4480
1760,536023825,1,27900.0,53,-1008,0,0,0,4480
1761,536223832,2,27900.0,54,-1008,1,1,0,4480
1762,536423942,1,27900.0,54,-1008,1,1,0,4432
1763,536626402,2,27900.0,54,-1008,1,1,0,4480
1764,536823833,1,27900.0,54,-1007,1,1,0,4480
1765,537023917,1,27900.0,53,-1008,1,1,0,4480
1766,537223845,2,27900.0,53,-1008,0,1,0,4480
1767,537423808,1,27900.0,53,-1008,1,2,1,4480
1768,537626427,1,27900.0,53,-1008,0,1,0,4480
1769,537823858,1,27900.0,53,-1008,1,1,0,4480
1770,538023831,2,27900.0,54,-1008,0,0,0,4480
1771,538223919,1,27900.0,53,-1008,1,1,0,4480
1772,538423832,2,27900.0,53,-1008,0,0,0,4480
1773,538626407,1,27900.0,54,-1007,1,1,0,4480
1774,538823927,2,27900.0,53,-1007,1,1,0,4480
1775,539023853,1,27900.0,53,-1007,1,0,0,4480
1776,539223828,2,27900.0,53,-1008,1,1,0,4480
1777,539423916,2,27900.0,53,-1008,1,1,0,4480
1778,539626385,2,27900.0,53,-1008,2,1,0,4480
1779,539823827,2,27900.0,53,-1008,1,1,0,4480
1780,542023844,1,27950.0,53,-1008,0,1,0,4480
1781,542223841,2,27950.0,53,-1009,1,0,1,4480
1782,542423930,2,27950.0,54,-1009,1,0,0,4480
1783,542626395,1,27950.0,53,-1008,1,0,0,4480
1784,542823833,1,27950.0,53,-1008,1,1,1,4432
1785,543023928,1,27950.0,53,-1009,0,1,0,4480
1786,543223838,1,27950.0,53,-1009,1,1,0,4480
1787,543423834,1,27950.0,54,-1009,1,1,0,4480
1788,543626431,2,27950.0,54,-1008,1,1,0,4480
1789,543823825,2,27950.0,54,-1008,1,0,0,4480
1790,544023836,1,27950.0,53,-1008,1,1,0,4480
1791,544223931,1,27950.0,53,-1008,0,0,0,4480
1792,544423844,1,27950.0,53,-1008,1,0,0,4480
1793,544626388,2,27950.0,53,-1007,0,1,0,4480
1794,544823910,2,27950.0,54,-1008,1,0,0,4480
1795,545023832,1,27950.0,54,-1008,1,1,0,4480
1796,545223828,1,27950.0,54,-1008,1,0,0,4480
1797,545423913,2,27950.0,54,-1008,1,1,1,4480
1798,545626395,1,27950.0,53,-1007,1,1,0,4480
1799,545823838,2,27950.0,54,-1008,1,0,0,4480
1800,547823902,2,28000.0,53,-1008,1,0,1,4480
1801,548023845,1,28000.0,54,-1007,1,0,0,4480
1802,548223842,1,28000.0,53,-1009,1,1,0,4480
1803,548423908,2,28000.0,53,-1008,1,1,0,4480
1804,548626372,2,28000.0,54,-1008,1,0,0,4480
1805,548823830,1,28000.0,53,-1008,1,1,0,4480
1806,549023925,2,28000.0,53,-1009,0,1,0,4480
1807,549223832,2,28000.0,53,-1008,0,1,0,4480
1808,549423827,1,28000.0,53,-1008,1,0,0,4480
1809,549626405,2,28000.0,54,-1009,0,0,0,4480
1810,549823839,1,28000.0,53,-1008,1,1,0,4480
1811,550023836,1,28000.0,53,-1008,1,1,0,4480
1812,550223922,1,28000.0,53,-1009,2,1,0,4480
1813,550423842,1,28000.0,54,-1009,1,0,0,4480
1814,550626413,2,28000.0,54,-1009,1,0,0,4480
1815,550823969,2,28000.0,54,-1007,1,0,0,4480
1816,551023812,1,28000.0,54,-1008,1,1,0,4480
1817,551223845,1,28000.0,54,-1009,0,1,0,4480
1818,551423892,2,28000.0,54,-1008,1,1,-1,4480
1819,551626396,2,28000.0,53,-1008,1,1,0,4480
